"ID_muestra","N_Vaca","Muestreo","ED","DEL","Estado","Estado_n","NP","PL","CE","CCS","SCCS","Resultado","","","",""
"2218-3","2218","3","44","272","Gestante","1","2","13.9","7.2","355000","4.83","1","","Gestante","1",""
"232-7","232","7","92","49","Abierta","2","5","13.4","5.2","402000","5.01","1","","Abierta","2",""
"898-1","898","1","44","381","Gestante","1","1","14.8","4.8","400000","5","1","","Inseminada","3",""
"197-4","197","4","59","60","Abierta","2","4","16","6.3","395000","4.98","1","","No Gestante","4",""
"922-11","922","11","39","380","Gestante","1","1","11.6","5.5","360000","4.85","1","","Estéril","5",""
"1955-10","1955","10","91","303","Inseminada","3","4","4.3","6.8","395000","4.98","1","","","",""
"900-4","900","4","44","8","Abierta","2","2","15.5","5.4","358000","4.84","1","","Variables que indican si hay o no mastitis","",""
"791-2","791","2","69","291","Gestante","1","2","6.1","7.3","399000","5","1","","CCS","SCCS","Resultado"
"894-2","894","2","45","213","Gestante","1","2","15.9","5.5","396000","4.99","1","",">= 200 000 : Enferma",">= 4 : Enferma","1=Enferma"
"686-2","686","2","107","196","Inseminada","3","6","12.6","6.5","354000","4.82","1","","<200 000: Sana","<4: Sana","0=Sana"
"872-8","872","8","50","198","Inseminada","3","2","14.4","6.4","413000","5.05","1","","","",""
"888-4","888","4","46","272","Gestante","1","2","12.1","6.3","415000","5.05","1","","Variables Predictoras","",""
"1056-11","1056","11","95","298","Gestante","1","5","15.4","6.9","415000","5.05","1","","ED","",""
"35-7","35","7","153","88","Inseminada","3","5","18.2","7.7","207000","4.05","1","","DEL","",""
"1600-6","1600","6","87","203","Inseminada","3","5","13.5","4.9","416000","5.06","1","","Estado","",""
"918-8","918","8","40","375","Gestante","1","1","6.4","5.2","416000","5.06","1","","Estado N°","",""
"232-10","232","10","93","70","Abierta","2","5","13.4","6.6","217000","4.12","1","","NP","",""
"918-4","918","4","39","347","Gestante","1","1","7.2","5.6","410000","5.04","1","","PL","",""
"882-4","882","4","47","153","Inseminada","3","2","11.3","5.8","209000","4.06","1","","CE","",""
"50-8","50","8","114","249","Gestante","1","5","14.2","7.5","352000","4.82","1","","","",""
"920-4","920","4","38","10","Abierta","2","2","11.3","6.8","353000","4.82","1","","","",""
"791-1","791","1","69","284","Gestante","1","2","6.7","7.4","411000","5.04","1","","","",""
"759-4","759","4","78","77","Inseminada","3","5","8.1","6.8","367000","4.88","1","","","",""
"801-1","801","1","65","446","Gestante","1","2","7.1","6.4","378000","4.92","1","","","",""
"914-9","914","9","41","149","Gestante","1","2","15.5","6.6","218000","4.12","1","","","",""
"759-9","759","9","79","112","Inseminada","3","5","18.1","7.4","379000","4.92","1","","","",""
"869-11","869","11","52","201","Gestante","1","2","14.9","7.5","380000","4.93","1","","","",""
"918-3","918","3","39","340","Gestante","1","1","8.3","5.7","368000","4.88","1","","","",""
"240-3","240","3","91","94","Abierta","2","5","13.5","6.5","364000","4.86","1","","","",""
"898-2","898","2","44","388","Gestante","1","1","12.1","6.1","364000","4.86","1","","","",""
"686-11","686","11","109","260","Inseminada","3","6","10","6.2","365000","4.87","1","","","",""
"777-3","777","3","71","29","Abierta","2","4","7.6","7","365000","4.87","1","","","",""
"1603-5","1603","5","86","383","No gestante","#N/A","4","9.3","5.5","217000","4.12","1","","","",""
"240-4","240","4","91","101","Abierta","2","5","13.1","6.5","384000","4.94","1","","","",""
"777-5","777","5","71","43","Abierta","2","4","13.2","7.3","388000","4.96","1","","","",""
"408-6","408","6","75","287","No gestante","#N/A","2","17.6","7.8","393000","4.97","1","","","",""
"1056-10","1056","10","95","291","Gestante","1","5","15.1","7","395000","4.98","1","","","",""
"2230-10","2230","10","45","309","Gestante","1","2","14.2","5.9","215000","4.1","1","","","",""
"1955-7","1955","7","90","282","Inseminada","3","4","5.8","6.9","361000","4.85","1","","","",""
"1056-9","1056","9","95","283","Gestante","1","5","15","7.3","388000","4.96","1","","","",""
"777-7","777","7","72","58","Inseminada","3","4","15.4","7.3","385000","4.94","1","","","",""
"947-10","947","10","36","245","Gestante","1","1","16.6","5.4","386000","4.95","1","","","",""
"1931-8","1931","8","86","74","Abierta","2","6","16.4","7.7","387000","4.95","1","","","",""
"2218-7","2218","7","45","301","Gestante","1","2","16.4","6.7","364000","4.86","1","","","",""
"1056-7","1056","7","94","270","Inseminada","3","5","16.6","7.1","386000","4.95","1","","","",""
"742-2","742","2","86","247","Gestante","1","5","13.4","6.9","500000","5.32","1","","","",""
"241-3","241","3","79","302","Abierta","2","3","10.6","4.3","501000","5.32","1","","","",""
"1931-6","1931","6","86","60","Abierta","2","6","17.8","7.3","496000","5.31","1","","","",""
"232-1","232","1","91","6","Abierta","2","5","7.6","5.8","509000","5.35","1","","","",""
"408-7","408","7","75","295","No gestante","#N/A","2","18.2","8","508000","5.34","1","","","",""
"1913-11","1913","11","92","370","Gestante","1","4","7.8","7.4","503000","5.33","1","","","",""
"749-9","749","9","85","92","Abierta","2","4","19.8","6.9","496000","5.31","1","","","",""
"1939-7","1939","7","86","285","Gestante","1","5","17.6","7","490000","5.29","1","","","",""
"1913-10","1913","10","92","363","Gestante","1","4","3.9","6.4","484000","5.28","1","","","",""
"1915-4","1915","4","85","260","Gestante","1","5","7.6","5.6","479000","5.26","1","","","",""
"653-3","653","3","119","252","Inseminada","3","6","11.9","8.1","494000","5.3","1","","","",""
"918-7","918","7","40","369","Gestante","1","1","8.3","5.5","492000","5.3","1","","","",""
"232-2","232","2","91","13","Abierta","2","5","10.8","6.7","203000","4.02","1","","","",""
"835-7","835","7","60","50","Abierta","2","3","21.9","7.3","201000","4.01","1","","","",""
"1112-8","1112","8","101","320","Gestante","1","4","17","7.5","531000","5.41","1","","","",""
"888-7","888","7","47","294","Gestante","1","2","10.7","6","524000","5.39","1","","","",""
"1939-8","1939","8","86","291","Gestante","1","5","6.5","8.1","549000","5.46","1","","","",""
"212-5","212","5","92","38","Abierta","2","4","21","7.4","537000","5.42","1","","","",""
"78-2","78","2","75","295","Gestante","1","4","14.8","6.2","202000","4.01","1","","","",""
"822-5","822","5","60","121","Inseminada","3","3","18.1","7.3","523000","5.39","1","","","",""
"830-11","830","11","61","231","Gestante","1","3","13.6","5.4","203000","4.02","1","","","",""
"232-3","232","3","91","20","Abierta","2","5","12.5","6.7","203000","4.02","1","","","",""
"1546-1","1546","1","58","116","Gestante","1","3","16.4","6.9","518000","5.37","1","","","",""
"1600-9","1600","9","88","224","Inseminada","3","5","16.4","7.3","521000","5.38","1","","","",""
"798-8","798","8","66","295","Gestante","1","4","5.9","6.3","202000","4.01","1","","","",""
"1931-7","1931","7","86","68","Abierta","2","6","14.1","6.1","521000","5.38","1","","","",""
"241-10","241","10","81","352","Estéril","5","3","13.2","5.2","477000","5.25","1","","","",""
"784-4","784","4","70","162","Gestante","1","3","11.4","6.4","435000","5.12","1","","","",""
"240-9","240","9","92","136","Inseminada","3","5","15.1","6.7","432000","5.11","1","","","",""
"759-7","759","7","79","99","Inseminada","3","5","20.4","7.4","426000","5.09","1","","","",""
"1955-4","1955","4","89","260","Inseminada","3","4","4.7","6.1","443000","5.15","1","","","",""
"869-4","869","4","50","151","Inseminada","3","2","12.8","6.7","437000","5.13","1","","","",""
"791-3","791","3","69","298","Gestante","1","2","5.9","6.3","434000","5.12","1","","","",""
"953-9","953","9","35","230","Gestante","1","1","12.4","5.2","206000","4.04","1","","","",""
"759-1","759","1","77","56","Inseminada","3","5","21.3","7","206000","4.04","1","","","",""
"748-3","748","3","83","270","Gestante","1","4","11.8","7","423000","5.08","1","","","",""
"748-1","748","1","83","256","Gestante","1","4","13.5","7.1","419000","5.07","1","","","",""
"894-10","894","10","46","270","Gestante","1","2","14.8","7","427000","5.09","1","","","",""
"829-9","829","9","61","6","Abierta","2","4","16.4","7","423000","5.08","1","","","",""
"759-5","759","5","78","84","Inseminada","3","5","18","6.2","424000","5.08","1","","","",""
"742-11","742","11","88","311","Gestante","1","5","11.1","7.5","204000","4.03","1","","","",""
"904-10","904","10","44","46","Abierta","2","2","16.7","8.1","469000","5.23","1","","","",""
"931-8","931","8","38","4","Abierta","2","2","10.4","6.9","465000","5.22","1","","","",""
"869-5","869","5","50","158","Inseminada","3","2","14.2","7.3","472000","5.24","1","","","",""
"240-7","240","7","92","123","Inseminada","3","5","14.3","6.7","471000","5.24","1","","","",""
"846-10","846","10","58","312","Gestante","1","2","8.6","6.7","468000","5.23","1","","","",""
"1546-8","1546","8","60","165","Gestante","1","3","13.4","6.7","462000","5.21","1","","","",""
"846-9","846","9","58","304","Gestante","1","2","7.7","6.5","453000","5.18","1","","","",""
"1955-6","1955","6","90","274","Inseminada","3","4","4.2","4","449000","5.17","1","","","",""
"898-5","898","5","45","409","Gestante","1","1","10.4","6.4","450000","5.17","1","","","",""
"1931-9","1931","9","86","81","Abierta","2","6","15.8","7.4","461000","5.2","1","","","",""
"869-6","869","6","50","165","Inseminada","3","2","14.3","7.1","455000","5.19","1","","","",""
"877-10","877","10","50","173","No gestante","#N/A","2","14.1","7.3","206000","4.04","1","","","",""
"1056-5","1056","5","94","255","Inseminada","3","5","12.7","6.8","351000","4.81","1","","","",""
"78-6","78","6","76","323","Gestante","1","4","14.2","6.4","257000","4.36","1","","","",""
"784-11","784","11","72","212","Gestante","1","3","11.5","6.2","255000","4.35","1","","","",""
"216-7","216","7","92","203","Inseminada","3","4","16.3","7.5","255000","4.35","1","","","",""
"742-4","742","4","86","261","Gestante","1","5","14.3","6.3","258000","4.37","1","","","",""
"953-7","953","7","34","217","Gestante","1","1","12.6","6.2","259000","4.37","1","","","",""
"216-2","216","2","91","167","Inseminada","3","4","14.9","7.3","257000","4.36","1","","","",""
"953-2","953","2","33","181","Inseminada","3","1","12.2","6.2","249000","4.32","1","","","",""
"232-9","232","9","92","62","Abierta","2","5","13.5","6.2","248000","4.31","1","","","",""
"1546-9","1546","9","60","172","Gestante","1","3","13.7","6.8","247000","4.3","1","","","",""
"216-4","216","4","91","181","Inseminada","3","4","16.1","7.3","255000","4.35","1","","","",""
"759-3","759","3","78","70","Inseminada","3","5","19.5","7.2","251000","4.33","1","","","",""
"212-6","212","6","92","45","Abierta","2","4","20.3","7.1","250000","4.32","1","","","",""
"918-2","918","2","38","333","Gestante","1","1","8.6","5.7","262000","4.39","1","","","",""
"831-4","831","4","59","11","Abierta","2","3","14.1","6.9","276000","4.46","1","","","",""
"58-7","58","7","145","153","No gestante","#N/A","8","17.4","8.3","274000","4.45","1","","","",""
"947-11","947","11","36","252","Gestante","1","1","16.4","6.5","274000","4.45","1","","","",""
"1056-2","1056","2","93","234","Inseminada","3","5","15.6","6.9","279000","4.48","1","","","",""
"216-5","216","5","92","188","Inseminada","3","4","15.5","6.2","279000","4.48","1","","","",""
"947-8","947","8","36","230","Gestante","1","1","14.2","6.1","277000","4.47","1","","","",""
"58-8","58","8","145","159","No gestante","#N/A","8","16","4","267000","4.42","1","","","",""
"78-4","78","4","75","309","Gestante","1","4","14.2","6.2","267000","4.42","1","","","",""
"1946-4","1946","4","90","6","Abierta","2","5","11.1","5","266000","4.41","1","","","",""
"58-10","58","10","146","174","No gestante","#N/A","8","15.5","8.6","273000","4.45","1","","","",""
"197-3","197","3","59","53","Abierta","2","4","18.3","5.9","273000","4.45","1","","","",""
"922-7","922","7","38","352","Gestante","1","1","10.9","5.8","269000","4.43","1","","","",""
"216-8","216","8","92","209","Inseminada","3","4","15.8","5.3","229000","4.2","1","","","",""
"777-8","777","8","72","64","Inseminada","3","4","17.4","6.9","230000","4.2","1","","","",""
"197-8","197","8","60","88","Inseminada","3","4","19.1","9.9","228000","4.19","1","","","",""
"19-11","19","11","96","25","Abierta","2","7","17.9","6.6","230000","4.2","1","","","",""
"1523-4","1523","4","65","2","Abierta","2","4","11.7","6.4","230000","4.2","1","","","",""
"219-8","219","8","92","145","Inseminada","3","4","17.7","6.9","229000","4.2","1","","","",""
"35-1","35","1","152","45","Inseminada","3","5","21.3","7.5","224000","4.16","1","","","",""
"197-10","197","10","60","103","Inseminada","3","4","20","6.2","223000","4.16","1","","","",""
"829-11","829","11","61","21","Abierta","2","4","16.2","7.3","221000","4.14","1","","","",""
"58-11","58","11","146","181","No gestante","#N/A","8","12.4","8.3","226000","4.18","1","","","",""
"922-1","922","1","37","309","Gestante","1","1","9.6","5.7","226000","4.18","1","","","",""
"742-8","742","8","87","289","Gestante","1","5","13.4","6.3","225000","4.17","1","","","",""
"1056-4","1056","4","93","248","Inseminada","3","5","15.9","6.9","231000","4.21","1","","","",""
"1931-3","1931","3","85","39","Abierta","2","6","18.9","7","240000","4.26","1","","","",""
"2218-4","2218","4","44","279","Gestante","1","2","14.1","6.1","238000","4.25","1","","","",""
"796-1","796","1","65","22","Abierta","2","4","16.3","7","236000","4.24","1","","","",""
"742-9","742","9","87","296","Gestante","1","5","11.3","6.3","242000","4.28","1","","","",""
"241-5","241","5","80","316","Abierta","2","3","10.5","6.4","243000","4.28","1","","","",""
"918-1","918","1","38","326","Gestante","1","1","9","6","240000","4.26","1","","","",""
"686-9","686","9","108","245","Inseminada","3","6","3.9","5.4","232000","4.21","1","","","",""
"777-11","777","11","73","86","Inseminada","3","4","16.9","7.1","231000","4.21","1","","","",""
"759-2","759","2","78","63","Inseminada","3","5","18.3","7","231000","4.21","1","","","",""
"50-11","50","11","115","271","Gestante","1","5","13","7.9","237000","4.24","1","","","",""
"830-4","830","4","59","181","Gestante","1","3","15.2","6.6","233000","4.22","1","","","",""
"953-6","953","6","34","209","Gestante","1","1","11.9","5.7","231000","4.21","1","","","",""
"829-10","829","10","61","14","Abierta","2","4","18.4","6.4","281000","4.49","1","","","",""
"240-2","240","2","91","87","Abierta","2","5","11.7","6.7","321000","4.68","1","","","",""
"241-11","241","11","81","359","Estéril","5","3","11.3","6.2","318000","4.67","1","","","",""
"232-6","232","6","92","41","Abierta","2","5","13.2","6.5","220000","4.14","1","","","",""
"1931-4","1931","4","85","46","Abierta","2","6","17.9","9.9","323000","4.69","1","","","",""
"898-3","898","3","44","395","Gestante","1","1","12.7","6","323000","4.69","1","","","",""
"197-11","197","11","60","110","Inseminada","3","4","20.1","6.3","320000","4.68","1","","","",""
"216-6","216","6","92","195","Inseminada","3","4","16.3","7.5","316000","4.66","1","","","",""
"78-8","78","8","76","337","Gestante","1","4","13.2","6.2","314000","4.65","1","","","",""
"831-3","831","3","59","4","Abierta","2","3","10.7","7.2","312000","4.64","1","","","",""
"953-4","953","4","34","195","Gestante","1","1","11.1","6.6","319000","4.67","1","","","",""
"904-9","904","9","44","38","Abierta","2","2","16.5","8.3","318000","4.67","1","","","",""
"197-7","197","7","59","82","Inseminada","3","4","21.4","6.4","316000","4.66","1","","","",""
"777-4","777","4","71","36","Abierta","2","4","13.6","7.4","325000","4.7","1","","","",""
"1939-9","1939","9","86","298","Gestante","1","5","3.9","8.4","336000","4.75","1","","","",""
"216-1","216","1","91","160","Inseminada","3","4","16.3","7","333000","4.74","1","","","",""
"914-11","914","11","42","164","Gestante","1","2","15.7","6.3","217000","4.12","1","","","",""
"1056-8","1056","8","94","276","Gestante","1","5","15.3","6.9","348000","4.8","1","","","",""
"977-6","977","6","29","113","Inseminada","3","1","12.7","6","347000","4.79","1","","","",""
"777-10","777","10","72","79","Inseminada","3","4","16","6.9","343000","4.78","1","","","",""
"935-3","935","3","36","18","Abierta","2","2","17.2","6.1","333000","4.74","1","","","",""
"24-2","24","2","17","26","Abierta","2","1","10.3","6","331000","4.73","1","","","",""
"240-1","240","1","91","80","Abierta","2","5","10.3","6.4","329000","4.72","1","","","",""
"1931-2","1931","2","85","32","Abierta","2","6","19","4.9","335000","4.74","1","","","",""
"935-2","935","2","36","11","Abierta","2","2","16.4","6.3","334000","4.74","1","","","",""
"197-2","197","2","58","46","Abierta","2","4","19.5","6.5","217000","4.12","1","","","",""
"35-2","35","2","152","52","Inseminada","3","5","20.8","7.4","289000","4.53","1","","","",""
"2218-6","2218","6","45","293","Gestante","1","2","14.7","6","288000","4.53","1","","","",""
"777-9","777","9","72","71","Inseminada","3","4","15.7","7.3","286000","4.52","1","","","",""
"197-5","197","5","59","67","Abierta","2","4","19.6","6.4","291000","4.54","1","","","",""
"2218-10","2218","10","46","322","Gestante","1","2","13.6","6.4","290000","4.54","1","","","",""
"1546-6","1546","6","59","151","Gestante","1","3","15.8","6.7","290000","4.54","1","","","",""
"953-8","953","8","35","223","Gestante","1","1","12.3","5.5","284000","4.51","1","","","",""
"241-9","241","9","81","344","Estéril","5","3","8.1","6.8","280000","4.49","1","","","",""
"894-4","894","4","45","227","Gestante","1","2","15.4","6.9","280000","4.49","1","","","",""
"240-6","240","6","92","115","Inseminada","3","5","12.8","6.7","286000","4.52","1","","","",""
"216-9","216","9","92","216","Inseminada","3","4","14.5","7.9","285000","4.51","1","","","",""
"884-4","884","4","47","241","Gestante","1","2","12.8","6","284000","4.51","1","","","",""
"241-6","241","6","80","323","Estéril","5","3","8.4","6","293000","4.55","1","","","",""
"888-11","888","11","48","322","Gestante","1","2","9.5","6","308000","4.62","1","","","",""
"241-8","241","8","81","337","Estéril","5","3","10.8","5.9","308000","4.62","1","","","",""
"961-2","961","2","32","193","Gestante","1","1","10.9","5.9","308000","4.62","1","","","",""
"2218-5","2218","5","44","286","Gestante","1","2","14.3","6.6","311000","4.64","1","","","",""
"1546-11","1546","11","60","187","Gestante","1","3","14.2","6.7","310000","4.63","1","","","",""
"19-10","19","10","95","18","Abierta","2","7","14.2","7","310000","4.63","1","","","",""
"798-10","798","10","67","310","Gestante","1","4","4.5","5.9","298000","4.58","1","","","",""
"1112-6","1112","6","101","306","Gestante","1","4","16.7","6.5","294000","4.56","1","","","",""
"1955-5","1955","5","89","267","Inseminada","3","4","4.2","6.2","295000","4.56","1","","","",""
"232-8","232","8","92","55","Abierta","2","5","13.5","6.4","308000","4.62","1","","","",""
"869-2","869","2","49","137","Inseminada","3","2","15.3","7","303000","4.6","1","","","",""
"35-8","35","8","153","94","Inseminada","3","5","19.9","8.4","304000","4.6","1","","","",""
"691-3","691","3","93","257","Gestante","1","5","6.7","6.1","1393000","6.8","1","","","",""
"904-5","904","5","43","10","Abierta","2","2","13.4","7.4","1382000","6.79","1","","","",""
"822-6","822","6","61","128","Inseminada","3","3","17.2","7.5","1354000","6.76","1","","","",""
"746-8","746","8","86","29","Abierta","2","5","23.1","7.3","1414000","6.82","1","","","",""
"1867-2","1867","2","50","146","Inseminada","3","2","11.6","7.8","1398000","6.81","1","","","",""
"1626-2","1626","2","104","161","Gestante","1","7","16.2","7.5","1406000","6.81","1","","","",""
"1939-6","1939","6","86","277","Gestante","1","5","6.5","8.4","1330000","6.73","1","","","",""
"869-10","869","10","51","194","Gestante","1","2","15.5","6.9","1314000","6.72","1","","","",""
"653-8","653","8","120","287","No gestante","#N/A","6","9.2","8.7","1306000","6.71","1","","","",""
"1867-11","1867","11","52","210","No gestante","#N/A","2","11.3","9.2","1326000","6.73","1","","","",""
"1112-7","1112","7","101","314","Gestante","1","4","18.6","6.7","1326000","6.73","1","","","",""
"822-8","822","8","61","142","Gestante","1","3","15.9","7.3","1326000","6.73","1","","","",""
"925-1","925","1","37","304","Gestante","1","1","12.6","5.7","1422000","6.83","1","","","",""
"806-7","806","7","65","56","Abierta","2","3","15.9","6.8","1533000","6.94","1","","","",""
"784-3","784","3","70","155","Gestante","1","3","12.7","6.8","1538000","6.94","1","","","",""
"52-11","52","11","108","300","Gestante","1","6","9.6","7.7","1523000","6.93","1","","","",""
"806-6","806","6","65","48","Abierta","2","3","15","6.9","1611000","7.01","1","","","",""
"136-1","136","1","93","315","Gestante","1","5","7.2","7.1","1580000","6.98","1","","","",""
"1107-5","1107","5","101","3","Abierta","2","7","4.8","9.9","1556000","6.96","1","","","",""
"1600-10","1600","10","88","232","Inseminada","3","5","15.5","7.5","1445000","6.85","1","","","",""
"690-2","690","2","93","226","Gestante","1","5","14.6","6.7","1437000","6.84","1","","","",""
"690-8","690","8","94","268","Gestante","1","5","9.9","6.7","1427000","6.83","1","","","",""
"212-10","212","10","93","74","Abierta","2","4","17.4","7.3","1466000","6.87","1","","","",""
"690-1","690","1","93","219","Gestante","1","5","16.9","7.4","1457000","6.86","1","","","",""
"846-8","846","8","58","297","Gestante","1","2","7.1","6.7","1441000","6.85","1","","","",""
"212-11","212","11","93","81","Abierta","2","4","16.5","7.5","1104000","6.46","1","","","",""
"806-1","806","1","64","13","Abierta","2","3","12.1","6.8","1095000","6.45","1","","","",""
"947-5","947","5","35","209","Gestante","1","1","14.4","6.2","1080000","6.43","1","","","",""
"690-7","690","7","94","262","Gestante","1","5","11","6.7","1120000","6.49","1","","","",""
"825-2","825","2","60","241","Gestante","1","3","15.9","8","1109000","6.47","1","","","",""
"408-3","408","3","74","266","Inseminada","3","2","16.8","8.4","1111000","6.47","1","","","",""
"947-9","947","9","36","237","Gestante","1","1","15","6","1021000","6.35","1","","","",""
"1111-10","1111","10","102","9","Abierta","2","6","16.5","6.2","1004000","6.33","1","","","",""
"1626-7","1626","7","105","197","Gestante","1","7","15.9","7.3","993000","6.31","1","","","",""
"748-4","748","4","84","277","Gestante","1","4","10.9","8","1055000","6.4","1","","","",""
"206-2","206","2","91","259","Gestante","1","4","6.9","8.7","1046000","6.39","1","","","",""
"1939-4","1939","4","85","263","Gestante","1","5","7.2","8.3","1042000","6.38","1","","","",""
"691-1","691","1","93","243","Gestante","1","5","8.6","6.5","1133000","6.5","1","","","",""
"825-10","825","10","62","298","Gestante","1","3","14.2","7.9","1270000","6.67","1","","","",""
"52-3","52","3","106","243","Gestante","1","6","12","8.4","1229000","6.62","1","","","",""
"7741-2","7741","2","66","176","Gestante","1","4","13.9","6.2","1211000","6.6","1","","","",""
"206-1","206","1","91","252","Gestante","1","4","4.9","6.6","1304000","6.7","1","","","",""
"845-5","845","5","58","48","Abierta","2","3","14.4","8","1294000","6.69","1","","","",""
"746-10","746","10","86","44","Abierta","2","5","25.6","8.1","1286000","6.68","1","","","",""
"408-8","408","8","75","301","No gestante","#N/A","2","15.1","7.5","1159000","6.53","1","","","",""
"845-11","845","11","59","91","Abierta","2","3","15.5","7.2","1145000","6.52","1","","","",""
"17-6","17","6","107","286","Gestante","1","5","3.8","6.7","1133000","6.5","1","","","",""
"1600-5","1600","5","87","196","Gestante","1","5","18.3","6.9","1208000","6.59","1","","","",""
"52-5","52","5","107","257","Gestante","1","6","12.2","9","1185000","6.57","1","","","",""
"1867-10","1867","10","52","203","No gestante","#N/A","2","7.1","9.9","1161000","6.54","1","","","",""
"904-6","904","6","43","17","Abierta","2","2","13.4","7.4","1618000","7.02","1","","","",""
"904-7","904","7","44","25","Abierta","2","2","20.1","7.4","2410000","7.59","1","","","",""
"825-4","825","4","60","255","Gestante","1","3","14.4","9.6","2416000","7.59","1","","","",""
"1603-10","1603","10","88","10","Abierta","2","5","11.1","6.7","2387000","7.58","1","","","",""
"784-2","784","2","70","148","Gestante","1","3","12.5","6.7","2597000","7.7","1","","","",""
"806-4","806","4","65","34","Abierta","2","3","14.9","6.6","2483000","7.63","1","","","",""
"136-2","136","2","94","322","Gestante","1","5","4.7","6.5","2410000","7.59","1","","","",""
"1913-8","1913","8","91","348","Gestante","1","4","5.3","7.3","2298000","7.52","1","","","",""
"845-8","845","8","58","69","Abierta","2","3","14.6","7.2","2274000","7.51","1","","","",""
"1626-5","1626","5","105","182","Gestante","1","7","16","6","2280000","7.51","1","","","",""
"17-5","17","5","107","279","Gestante","1","5","4.2","6.5","2369000","7.57","1","","","",""
"947-2","947","2","34","188","Gestante","1","1","9","6.9","2311000","7.53","1","","","",""
"7741-11","7741","11","68","240","Gestante","1","4","14.6","5.5","2291000","7.52","1","","","",""
"52-9","52","9","107","285","Gestante","1","6","10.5","9","2817000","7.82","1","","","",""
"1546-2","1546","2","58","123","Gestante","1","3","8.7","6.1","4719000","8.56","1","","","",""
"952-2","952","2","34","222","Gestante","1","1","12.3","6.4","4591000","8.52","1","","","",""
"136-3","136","3","94","329","Gestante","1","5","5.3","6.7","3862000","8.27","1","","","",""
"888-10","888","10","47","315","Gestante","1","2","8.5","6.2","5878000","8.88","1","","","",""
"686-8","686","8","108","238","Inseminada","3","6","8.8","7","5477000","8.78","1","","","",""
"888-1","888","1","45","251","Gestante","1","2","9.1","6.7","5061000","8.66","1","","","",""
"212-1","212","1","91","10","Abierta","2","4","19.8","7.1","3084000","7.95","1","","","",""
"1241-5","1241","5","102","92","Abierta","2","7","17.4","6.7","2881000","7.85","1","","","",""
"846-6","846","6","57","283","Gestante","1","2","6.9","6.8","2843000","7.83","1","","","",""
"846-1","846","1","56","248","Gestante","1","2","6.1","7.3","3693000","8.21","1","","","",""
"846-2","846","2","56","255","Gestante","1","2","11.7","6.2","3560000","8.15","1","","","",""
"52-10","52","10","108","293","Gestante","1","6","10.2","6.5","3359000","8.07","1","","","",""
"822-4","822","4","60","114","Inseminada","3","3","16.5","7.5","1763000","7.14","1","","","",""
"806-3","806","3","64","27","Abierta","2","3","11","5.2","1761000","7.14","1","","","",""
"977-4","977","4","28","99","Inseminada","3","1","12.8","6","1736000","7.12","1","","","",""
"1939-2","1939","2","85","249","Gestante","1","5","9.4","8.6","1806000","7.17","1","","","",""
"904-4","904","4","43","3","Abierta","2","2","13.2","7.1","1793000","7.16","1","","","",""
"1626-6","1626","6","105","189","Gestante","1","7","16.7","6.7","1784000","7.16","1","","","",""
"52-2","52","2","106","236","Gestante","1","6","13.1","7.7","1665000","7.06","1","","","",""
"845-10","845","10","59","84","Abierta","2","3","13.7","7.3","1660000","7.05","1","","","",""
"52-8","52","8","107","278","Gestante","1","6","11.5","8.4","1651000","7.05","1","","","",""
"822-2","822","2","60","100","Inseminada","3","3","8.6","8.3","1734000","7.12","1","","","",""
"1867-7","1867","7","51","182","Inseminada","3","2","15.9","6","1721000","7.11","1","","","",""
"1241-1","1241","1","101","64","Abierta","2","7","20.1","9.9","1678000","7.07","1","","","",""
"653-7","653","7","120","281","No gestante","#N/A","6","9.6","5.4","1857000","7.21","1","","","",""
"806-11","806","11","66","84","Abierta","2","3","17.1","7.3","2206000","7.46","1","","","",""
"845-2","845","2","57","27","Abierta","2","3","19.1","7.3","2170000","7.44","1","","","",""
"1112-4","1112","4","100","292","Gestante","1","4","16.3","5.9","2076000","7.38","1","","","",""
"212-9","212","9","92","66","Abierta","2","4","12.5","7.1","2247000","7.49","1","","","",""
"845-4","845","4","57","41","Abierta","2","3","15.7","7.3","2223000","7.47","1","","","",""
"1626-9","1626","9","105","210","Gestante","1","7","15.9","7","2212000","7.47","1","","","",""
"845-3","845","3","57","34","Abierta","2","3","11.1","6.4","2032000","7.34","1","","","",""
"845-9","845","9","59","76","Abierta","2","3","13.9","7.5","1957000","7.29","1","","","",""
"846-3","846","3","56","262","Gestante","1","2","11","6.3","1870000","7.22","1","","","",""
"759-6","759","6","78","91","Inseminada","3","5","20.5","7.3","2039000","7.35","1","","","",""
"822-3","822","3","60","107","Inseminada","3","3","17.3","8","2035000","7.35","1","","","",""
"1915-7","1915","7","86","282","Gestante","1","5","10.3","7.2","2035000","7.35","1","","","",""
"1661-3","1661","3","74","288","Gestante","1","3","10.1","6.1","655000","5.71","1","","","",""
"1112-1","1112","1","100","271","Gestante","1","4","18.1","6.6","656000","5.71","1","","","",""
"748-5","748","5","84","284","Gestante","1","4","9.6","8","655000","5.71","1","","","",""
"748-6","748","6","84","291","Gestante","1","4","11","7.2","659000","5.72","1","","","",""
"408-11","408","11","76","323","Inseminada","3","2","18.4","7.8","658000","5.72","1","","","",""
"408-4","408","4","74","273","No gestante","#N/A","2","16","8.1","658000","5.72","1","","","",""
"746-9","746","9","86","36","Abierta","2","5","24.6","7.4","649000","5.7","1","","","",""
"216-11","216","11","93","230","Inseminada","3","4","15.6","5.5","645000","5.69","1","","","",""
"1600-11","1600","11","88","239","Inseminada","3","5","13.6","7.7","645000","5.69","1","","","",""
"746-7","746","7","85","23","Abierta","2","5","24.7","7.1","654000","5.71","1","","","",""
"1913-5","1913","5","91","327","Gestante","1","4","5.9","4.5","653000","5.71","1","","","",""
"825-7","825","7","61","277","Gestante","1","3","15","8","650000","5.7","1","","","",""
"1867-4","1867","4","50","160","Inseminada","3","2","13.3","7.5","676000","5.76","1","","","",""
"1241-11","1241","11","103","135","Abierta","2","7","18.5","7","699000","5.81","1","","","",""
"825-3","825","3","60","248","Gestante","1","3","14.2","8.4","695000","5.8","1","","","",""
"408-5","408","5","74","280","No gestante","#N/A","2","18","8.7","698000","5.8","1","","","",""
"759-8","759","8","79","105","Inseminada","3","5","17","7.3","726000","5.86","1","","","",""
"1867-8","1867","8","51","188","No gestante","#N/A","2","11.7","8.9","716000","5.84","1","","","",""
"749-3","749","3","83","50","Abierta","2","4","23.8","6.8","716000","5.84","1","","","",""
"408-1","408","1","73","252","Inseminada","3","2","19.5","7.2","688000","5.78","1","","","",""
"798-7","798","7","66","289","Gestante","1","4","7.7","6.9","686000","5.78","1","","","",""
"1626-10","1626","10","106","218","Gestante","1","7","14.7","6.9","682000","5.77","1","","","",""
"1626-3","1626","3","104","168","Gestante","1","7","16.7","7","694000","5.79","1","","","",""
"846-7","846","7","57","291","Gestante","1","2","6.5","4.9","693000","5.79","1","","","",""
"894-6","894","6","45","241","Gestante","1","2","16.1","5.2","686000","5.78","1","","","",""
"777-2","777","2","70","22","Abierta","2","4","11.1","6.7","587000","5.55","1","","","",""
"229-1","229","1","91","244","Gestante","1","4","8.5","4.7","584000","5.55","1","","","",""
"784-6","784","6","71","176","Gestante","1","3","11.7","4.3","579000","5.53","1","","","",""
"1913-2","1913","2","90","306","Gestante","1","4","6.4","6.7","595000","5.57","1","","","",""
"746-11","746","11","86","51","Abierta","2","5","26.6","7.5","592000","5.57","1","","","",""
"759-11","759","11","80","127","Inseminada","3","5","18.4","7.3","584000","5.55","1","","","",""
"1600-8","1600","8","87","217","Inseminada","3","5","14.6","7","565000","5.5","1","","","",""
"748-8","748","8","85","305","Gestante","1","4","8.4","7.3","558000","5.48","1","","","",""
"653-2","653","2","119","245","Inseminada","3","6","13.1","7.8","549000","5.46","1","","","",""
"1939-5","1939","5","85","270","Gestante","1","5","9.9","8.8","569000","5.51","1","","","",""
"1931-10","1931","10","87","89","Abierta","2","6","15.1","7.8","571000","5.51","1","","","",""
"1112-9","1112","9","101","327","Gestante","1","4","16.3","6.8","567000","5.5","1","","","",""
"1913-7","1913","7","91","342","Gestante","1","4","5.6","6.5","603000","5.59","1","","","",""
"212-8","212","8","92","59","Abierta","2","4","19.1","7.4","630000","5.66","1","","","",""
"884-3","884","3","46","234","Gestante","1","2","13.3","6.5","628000","5.65","1","","","",""
"408-2","408","2","74","259","Inseminada","3","2","17.5","8","624000","5.64","1","","","",""
"1241-8","1241","8","102","113","Abierta","2","7","19","6.2","646000","5.69","1","","","",""
"24-4","24","4","17","40","Abierta","2","1","11.2","5.9","641000","5.68","1","","","",""
"898-4","898","4","45","402","Gestante","1","1","10.9","5.9","637000","5.67","1","","","",""
"653-4","653","4","119","259","No gestante","#N/A","6","12.9","8.1","609000","5.61","1","","","",""
"653-6","653","6","120","273","No gestante","#N/A","6","9.2","8.3","605000","5.6","1","","","",""
"1241-6","1241","6","102","99","Abierta","2","7","19.4","6.4","607000","5.6","1","","","",""
"835-4","835","4","59","28","Abierta","2","3","18","6.8","618000","5.63","1","","","",""
"1112-11","1112","11","102","342","Gestante","1","4","16.3","6.9","612000","5.61","1","","","",""
"1112-5","1112","5","100","299","Gestante","1","4","16.5","6.8","609000","5.61","1","","","",""
"967-2","967","2","30","152","Gestante","1","1","11.6","6","732000","5.87","1","","","",""
"845-1","845","1","57","20","Abierta","2","3","13.4","5.6","918000","6.2","1","","","",""
"825-8","825","8","61","283","Gestante","1","3","12.6","6.5","922000","6.2","1","","","",""
"1112-2","1112","2","100","278","Gestante","1","4","17.9","7.4","905000","6.18","1","","","",""
"872-11","872","11","51","220","Inseminada","3","2","16.4","6.1","928000","6.21","1","","","",""
"17-1","17","1","106","251","Gestante","1","5","7.9","7.3","924000","6.21","1","","","",""
"898-6","898","6","45","416","Gestante","1","1","7.9","4","925000","6.21","1","","","",""
"17-2","17","2","106","258","Gestante","1","5","9.1","6.5","890000","6.15","1","","","",""
"1600-2","1600","2","86","175","Inseminada","3","5","15.1","5.4","885000","6.15","1","","","",""
"1915-2","1915","2","85","246","Gestante","1","5","10.7","4.8","881000","6.14","1","","","",""
"777-1","777","1","70","15","Abierta","2","4","7.9","7.9","903000","6.17","1","","","",""
"653-5","653","5","119","266","No gestante","#N/A","6","11.3","9.7","891000","6.16","1","","","",""
"229-2","229","2","91","251","Gestante","1","4","7.2","6.3","890000","6.15","1","","","",""
"690-3","690","3","93","233","Gestante","1","5","16.4","7.7","933000","6.22","1","","","",""
"1867-6","1867","6","51","174","Inseminada","3","2","11.5","6.7","984000","6.3","1","","","",""
"784-8","784","8","71","190","Gestante","1","3","12.2","6.5","958000","6.26","1","","","",""
"229-3","229","3","91","258","Gestante","1","4","13","6.5","960000","6.26","1","","","",""
"825-1","825","1","59","234","Gestante","1","3","14.3","7.7","982000","6.3","1","","","",""
"784-9","784","9","72","197","Gestante","1","3","12","6.7","984000","6.3","1","","","",""
"1626-11","1626","11","106","225","Gestante","1","7","17","8.4","983000","6.3","1","","","",""
"806-9","806","9","66","69","Abierta","2","3","15.9","6.9","935000","6.22","1","","","",""
"748-7","748","7","84","299","Gestante","1","4","11.1","7.7","930000","6.22","1","","","",""
"691-6","691","6","94","278","Gestante","1","5","5.8","6.3","933000","6.22","1","","","",""
"806-5","806","5","65","41","Abierta","2","3","15","5.4","950000","6.25","1","","","",""
"690-4","690","4","93","240","Gestante","1","5","12.2","6.9","950000","6.25","1","","","",""
"884-9","884","9","48","276","Gestante","1","2","11.4","6.5","948000","6.24","1","","","",""
"17-7","17","7","108","294","Gestante","1","5","3.7","6.9","771000","5.95","1","","","",""
"408-9","408","9","75","308","Inseminada","3","2","15.6","8.1","773000","5.95","1","","","",""
"212-7","212","7","92","53","Abierta","2","4","20.5","7.5","773000","5.95","1","","","",""
"1939-11","1939","11","87","305","Gestante","1","5","5.1","4","790000","5.98","1","","","",""
"7741-7","7741","7","68","212","Gestante","1","4","16.9","6.4","785000","5.97","1","","","",""
"748-2","748","2","83","263","Gestante","1","4","13","6.5","775000","5.95","1","","","",""
"691-2","691","2","93","250","Gestante","1","5","7.4","5.8","746000","5.9","1","","","",""
"869-9","869","9","51","186","Gestante","1","2","13.7","7.7","746000","5.9","1","","","",""
"846-11","846","11","58","319","Gestante","1","2","7.6","6","740000","5.89","1","","","",""
"825-9","825","9","61","290","Gestante","1","3","11.6","7.5","762000","5.93","1","","","",""
"1241-7","1241","7","102","107","Abierta","2","7","20.7","5.4","759000","5.92","1","","","",""
"1241-9","1241","9","103","120","Abierta","2","7","19","7.3","751000","5.91","1","","","",""
"1915-5","1915","5","86","267","Gestante","1","5","9","6.1","789000","5.98","1","","","",""
"1112-3","1112","3","100","285","Gestante","1","4","17.8","7.7","850000","6.09","1","","","",""
"408-10","408","10","75","316","Inseminada","3","2","16.8","8","839000","6.07","1","","","",""
"869-8","869","8","51","179","Gestante","1","2","14.4","6.5","838000","6.07","1","","","",""
"1867-9","1867","9","51","195","No gestante","#N/A","2","10.9","8.4","869000","6.12","1","","","",""
"825-5","825","5","60","262","Gestante","1","3","13.4","8.9","867000","6.12","1","","","",""
"212-4","212","4","91","31","Abierta","2","4","20","7.3","855000","6.1","1","","","",""
"8-2","8","2","114","309","Gestante","1","5","7.5","5.8","816000","6.03","1","","","",""
"953-1","953","1","33","174","Inseminada","3","1","12","6.6","800000","6","1","","","",""
"1600-1","1600","1","86","168","Inseminada","3","5","16.6","7.7","798000","6","1","","","",""
"1913-4","1913","4","90","320","Gestante","1","4","5.2","6.9","836000","6.06","1","","","",""
"690-5","690","5","94","247","Gestante","1","5","14.1","6.5","835000","6.06","1","","","",""
"1495-11","1495","11","45","133","Abierta","2","2","13.8","6.7","836000","6.06","1","","","",""
"953-5","953","5","34","202","Gestante","1","1","11.5","4.5","200000","4","1","","","",""
"902-3","902","3","43","71","Inseminada","3","2","15","7.5","69000","2.46","0","","","",""
"923-1","923","1","37","311","Gestante","1","1","12.4","5.5","69000","2.46","0","","","",""
"24-5","24","5","18","47","Abierta","2","1","11.4","5.8","68000","2.44","0","","","",""
"903-8","903","8","44","56","Abierta","2","2","22.2","5.9","70000","2.49","0","","","",""
"839-4","839","4","59","48","Abierta","2","3","11.7","6.4","69000","2.46","0","","","",""
"1107-8","1107","8","101","24","Abierta","2","7","14.8","6","69000","2.46","0","","","",""
"925-5","925","5","38","332","Gestante","1","1","10.6","6.2","65000","2.38","0","","","",""
"884-2","884","2","46","227","Gestante","1","2","13.9","6.3","65000","2.38","0","","","",""
"951-3","951","3","34","193","Inseminada","3","1","4.3","6.4","64000","2.36","0","","","",""
"961-6","961","6","33","221","Gestante","1","1","12.3","6","68000","2.44","0","","","",""
"910-1","910","1","41","100","Abierta","2","2","15.5","9.9","68000","2.44","0","","","",""
"1579-2","1579","2","87","260","Gestante","1","4","14.3","6.4","65000","2.38","0","","","",""
"686-4","686","4","107","210","Inseminada","3","6","13.9","7.1","70000","2.49","0","","","",""
"1107-9","1107","9","101","31","Abierta","2","7","16.4","6.6","73000","2.55","0","","","",""
"967-4","967","4","30","166","Gestante","1","1","12.3","5.9","73000","2.55","0","","","",""
"1603-3","1603","3","86","369","No gestante","#N/A","4","10.7","5.4","73000","2.55","0","","","",""
"2150-4","2150","4","45","8","Abierta","2","2","16.3","5.8","76000","2.6","0","","","",""
"967-8","967","8","31","194","Gestante","1","1","13.3","5.4","74000","2.57","0","","","",""
"961-10","961","10","34","250","Gestante","1","1","12.8","6.1","74000","2.57","0","","","",""
"902-5","902","5","43","85","Inseminada","3","2","16.5","7.2","72000","2.53","0","","","",""
"877-4","877","4","48","130","Inseminada","3","2","17.3","6.2","72000","2.53","0","","","",""
"877-5","877","5","49","137","Inseminada","3","2","17.3","6.5","72000","2.53","0","","","",""
"749-11","749","11","85","106","Abierta","2","4","10.2","6.9","72000","2.53","0","","","",""
"219-11","219","11","93","167","Inseminada","3","4","18.5","7.4","72000","2.53","0","","","",""
"796-4","796","4","66","43","Abierta","2","4","16.3","6.3","72000","2.53","0","","","",""
"916-9","916","9","41","348","No gestante","#N/A","1","11.1","6.7","55000","2.14","0","","","",""
"930-11","930","11","38","161","Inseminada","3","1","9.8","6.6","55000","2.14","0","","","",""
"938-5","938","5","36","54","Abierta","2","1","19.7","6.2","55000","2.14","0","","","",""
"935-8","935","8","37","53","Abierta","2","2","19.7","6.9","59000","2.24","0","","","",""
"686-5","686","5","108","217","Inseminada","3","6","11.5","7.3","58000","2.21","0","","","",""
"938-4","938","4","36","47","Abierta","2","1","19.8","4.6","57000","2.19","0","","","",""
"926-8","926","8","38","36","Abierta","2","2","16.3","6","53000","2.08","0","","","",""
"835-8","835","8","60","56","Abierta","2","3","21.7","7.5","53000","2.08","0","","","",""
"2150-9","2150","9","46","43","Abierta","2","2","19.1","6.1","53000","2.08","0","","","",""
"902-7","902","7","44","100","Inseminada","3","2","15.3","7.7","55000","2.14","0","","","",""
"926-7","926","7","38","30","Abierta","2","2","16.5","5.9","54000","2.11","0","","","",""
"1953-5","1953","5","86","85","Inseminada","3","5","19.2","4.9","53000","2.08","0","","","",""
"957-5","957","5","34","228","Inseminada","3","1","14.5","6","59000","2.24","0","","","",""
"24-7","24","7","18","62","Abierta","2","1","12.8","6.1","62000","2.31","0","","","",""
"749-8","749","8","84","85","Abierta","2","4","21.6","7","61000","2.29","0","","","",""
"1579-1","1579","1","86","253","Gestante","1","4","16.5","6.6","61000","2.29","0","","","",""
"882-6","882","6","48","167","Inseminada","3","2","6.7","6.4","63000","2.33","0","","","",""
"902-6","902","6","44","92","Inseminada","3","2","14.4","4.1","62000","2.31","0","","","",""
"961-8","961","8","34","235","Gestante","1","1","11.7","9.9","62000","2.31","0","","","",""
"1652-7","1652","7","45","277","Gestante","1","1","10.8","5.6","60000","2.26","0","","","",""
"957-6","957","6","34","235","Inseminada","3","1","14","6.5","60000","2.26","0","","","",""
"835-5","835","5","59","35","Abierta","2","3","20.4","7.1","59000","2.24","0","","","",""
"2150-5","2150","5","45","15","Abierta","2","2","19.3","6.3","60000","2.26","0","","","",""
"920-7","920","7","39","32","Abierta","2","2","14.8","6.1","60000","2.26","0","","","",""
"903-3","903","3","43","21","Abierta","2","2","21.6","7","60000","2.26","0","","","",""
"2230-6","2230","6","44","280","Gestante","1","2","15.8","6.6","88000","2.82","0","","","",""
"686-3","686","3","107","203","Inseminada","3","6","12.1","6.2","88000","2.82","0","","","",""
"900-9","900","9","46","43","Abierta","2","2","20.2","7.3","87000","2.8","0","","","",""
"951-7","951","7","35","222","Inseminada","3","1","11.3","6.2","89000","2.83","0","","","",""
"926-10","926","10","39","51","Abierta","2","2","12.1","6.4","89000","2.83","0","","","",""
"241-2","241","2","79","295","Abierta","2","3","11.5","6.1","88000","2.82","0","","","",""
"241-1","241","1","79","288","Abierta","2","3","11.5","6.4","86000","2.78","0","","","",""
"50-1","50","1","113","200","Inseminada","3","5","15.5","6.9","86000","2.78","0","","","",""
"50-2","50","2","113","207","Inseminada","3","5","14.3","6.9","85000","2.77","0","","","",""
"24-3","24","3","17","33","Abierta","2","1","11.5","5.9","87000","2.8","0","","","",""
"882-1","882","1","46","132","Inseminada","3","2","13","5.2","87000","2.8","0","","","",""
"952-3","952","3","34","229","Gestante","1","1","11.5","5.5","86000","2.78","0","","","",""
"1953-10","1953","10","87","121","No gestante","#N/A","5","18","5.5","89000","2.83","0","","","",""
"926-11","926","11","39","58","Abierta","2","2","15.9","6.1","94000","2.91","0","","","",""
"972-10","972","10","31","188","Inseminada","3","1","12.8","5.9","94000","2.91","0","","","",""
"1603-4","1603","4","86","376","No gestante","#N/A","4","10.8","6","94000","2.91","0","","","",""
"903-2","903","2","42","14","Abierta","2","2","20.4","6.5","96000","2.94","0","","","",""
"872-1","872","1","49","149","Inseminada","3","2","16.6","6.8","95000","2.93","0","","","",""
"1603-7","1603","7","87","398","No gestante","#N/A","4","6.5","8.4","95000","2.93","0","","","",""
"839-3","839","3","58","41","Abierta","2","3","13.2","6.5","90000","2.85","0","","","",""
"749-4","749","4","83","57","Abierta","2","4","20.9","6.2","90000","2.85","0","","","",""
"7741-6","7741","6","67","204","Gestante","1","4","15.7","6.1","89000","2.83","0","","","",""
"903-5","903","5","43","35","Abierta","2","2","22.8","7.2","92000","2.88","0","","","",""
"925-8","925","8","38","353","Gestante","1","1","11.3","5.7","91000","2.86","0","","","",""
"926-4","926","4","37","8","Abierta","2","2","13.1","6.1","90000","2.85","0","","","",""
"2150-8","2150","8","46","36","Abierta","2","2","16.4","5.9","79000","2.66","0","","","",""
"972-5","972","5","29","152","Inseminada","3","1","12","5.7","79000","2.66","0","","","",""
"967-7","967","7","31","188","Gestante","1","1","13.8","6.5","78000","2.64","0","","","",""
"903-4","903","4","43","28","Abierta","2","2","21.1","5.4","80000","2.68","0","","","",""
"967-10","967","10","32","209","Gestante","1","1","13.5","6.2","79000","2.66","0","","","",""
"972-7","972","7","30","167","Inseminada","3","1","11.8","6.1","79000","2.66","0","","","",""
"880-5","880","5","48","15","Abierta","2","2","21.6","6.9","77000","2.62","0","","","",""
"7741-3","7741","3","67","183","Gestante","1","4","16.1","6.2","77000","2.62","0","","","",""
"839-11","839","11","60","98","Inseminada","3","3","16.8","6.6","76000","2.6","0","","","",""
"872-2","872","2","49","156","Inseminada","3","2","15.3","6.6","78000","2.64","0","","","",""
"902-10","902","10","45","121","Gestante","1","2","15.6","6.9","78000","2.64","0","","","",""
"796-11","796","11","67","93","Abierta","2","4","18.8","7","77000","2.62","0","","","",""
"1603-11","1603","11","88","17","Abierta","2","5","17.2","6.2","80000","2.68","0","","","",""
"749-6","749","6","84","71","Abierta","2","4","23","6.6","84000","2.75","0","","","",""
"977-3","977","3","28","92","Inseminada","3","1","11","5.2","83000","2.73","0","","","",""
"910-4","910","4","41","121","Abierta","2","2","14.4","6.6","83000","2.73","0","","","",""
"1495-3","1495","3","43","76","Abierta","2","2","17.2","6.6","85000","2.77","0","","","",""
"961-11","961","11","34","257","Gestante","1","1","12.4","5.9","85000","2.77","0","","","",""
"930-8","930","8","38","139","Inseminada","3","1","8.2","7.5","84000","2.75","0","","","",""
"961-9","961","9","34","242","Gestante","1","1","12.7","6","80000","2.68","0","","","",""
"1546-4","1546","4","59","137","Gestante","1","3","14.1","4.3","80000","2.68","0","","","",""
"877-2","877","2","48","116","Inseminada","3","2","17.1","6.5","80000","2.68","0","","","",""
"1953-11","1953","11","87","128","No gestante","#N/A","5","19.1","6.4","83000","2.73","0","","","",""
"1652-8","1652","8","45","283","Gestante","1","1","9.7","5.6","82000","2.71","0","","","",""
"1953-6","1953","6","86","92","Inseminada","3","5","18.1","5.8","81000","2.7","0","","","",""
"796-10","796","10","67","86","Abierta","2","4","17.7","7.3","52000","2.06","0","","","",""
"934-6","934","6","37","223","Gestante","1","1","14.2","6.2","33000","1.4","0","","","",""
"796-5","796","5","66","50","Abierta","2","4","24.8","6.9","33000","1.4","0","","","",""
"1523-6","1523","6","66","16","Abierta","2","4","16.5","8.9","32000","1.36","0","","","",""
"957-3","957","3","33","214","Inseminada","3","1","6.2","9.6","33000","1.4","0","","","",""
"903-6","903","6","43","42","Abierta","2","2","23.1","6.9","33000","1.4","0","","","",""
"1953-3","1953","3","85","71","Inseminada","3","5","19.1","5.5","33000","1.4","0","","","",""
"2150-11","2150","11","46","58","Abierta","2","2","17.4","6.1","31000","1.31","0","","","",""
"930-7","930","7","38","133","Inseminada","3","1","9","6.7","31000","1.31","0","","","",""
"975-1","975","1","28","107","Abierta","2","1","13.9","6.6","31000","1.31","0","","","",""
"977-1","977","1","28","78","Inseminada","3","1","13.4","6.2","32000","1.36","0","","","",""
"975-2","975","2","28","114","Abierta","2","1","12.6","6.5","32000","1.36","0","","","",""
"24-6","24","6","18","54","Abierta","2","1","11.6","6","32000","1.36","0","","","",""
"916-1","916","1","39","292","Inseminada","3","1","10.9","6.8","33000","1.4","0","","","",""
"952-7","952","7","35","258","Gestante","1","1","10.1","6.1","36000","1.53","0","","","",""
"931-10","931","10","38","19","Abierta","2","2","14.6","6.6","36000","1.53","0","","","",""
"975-8","975","8","30","156","Inseminada","3","1","12.5","6.2","35000","1.49","0","","","",""
"957-10","957","10","35","264","Gestante","1","1","16.9","6.7","37000","1.57","0","","","",""
"952-6","952","6","34","250","Gestante","1","1","9.9","5.9","37000","1.57","0","","","",""
"839-2","839","2","58","34","Abierta","2","3","11.7","5.6","37000","1.57","0","","","",""
"972-2","972","2","29","131","Inseminada","3","1","11.3","6.2","35000","1.49","0","","","",""
"880-9","880","9","49","43","Abierta","2","2","23.8","7.4","35000","1.49","0","","","",""
"952-9","952","9","35","271","Gestante","1","1","9.9","6.1","34000","1.44","0","","","",""
"916-5","916","5","40","320","No gestante","#N/A","1","11.6","6.2","35000","1.49","0","","","",""
"24-1","24","1","17","19","Abierta","2","1","10.6","6.1","35000","1.49","0","","","",""
"930-10","930","10","38","154","Inseminada","3","1","9.5","5.9","35000","1.49","0","","","",""
"24-8","24","8","18","68","Abierta","2","1","11.3","6.2","22000","0.82","0","","","",""
"975-9","975","9","30","163","Inseminada","3","1","13.7","6.5","21000","0.75","0","","","",""
"2150-6","2150","6","45","22","Abierta","2","2","19.8","6","21000","0.75","0","","","",""
"977-7","977","7","29","121","Inseminada","3","1","13","4","24000","0.94","0","","","",""
"1523-11","1523","11","67","52","Abierta","2","4","17.3","6.4","24000","0.94","0","","","",""
"755-8","755","8","83","219","Gestante","1","5","14.6","7.2","23000","0.88","0","","","",""
"882-3","882","3","47","146","Inseminada","3","2","12.6","6.1","10000","-0.32","0","","","",""
"1523-7","1523","7","66","24","Abierta","2","4","19.2","4.8","10000","-0.32","0","","","",""
"1523-9","1523","9","66","37","Abierta","2","4","17.1","6.4","9000","-0.47","0","","","",""
"880-7","880","7","49","30","Abierta","2","2","22.4","6.8","21000","0.75","0","","","",""
"938-9","938","9","37","82","Abierta","2","1","19.1","7","18000","0.53","0","","","",""
"2150-7","2150","7","45","30","Abierta","2","2","20.2","6.6","15000","0.26","0","","","",""
"1953-2","1953","2","85","64","Inseminada","3","5","21.4","6.2","25000","1","0","","","",""
"952-5","952","5","34","243","Gestante","1","1","9.8","4.7","30000","1.26","0","","","",""
"934-4","934","4","37","209","Gestante","1","1","11.6","6.3","30000","1.26","0","","","",""
"934-7","934","7","37","231","Gestante","1","1","14.8","6.5","29000","1.21","0","","","",""
"957-9","957","9","34","256","Gestante","1","1","16.1","6.6","31000","1.31","0","","","",""
"24-11","24","11","19","90","Abierta","2","1","11.6","5.9","30000","1.26","0","","","",""
"796-9","796","9","67","78","Abierta","2","4","18.7","6.8","30000","1.26","0","","","",""
"957-1","957","1","33","200","Inseminada","3","1","15.2","6.5","28000","1.16","0","","","",""
"977-2","977","2","28","85","Inseminada","3","1","13.7","5.7","26000","1.06","0","","","",""
"934-10","934","10","38","252","Gestante","1","1","12","6.5","25000","1","0","","","",""
"796-7","796","7","67","65","Abierta","2","4","18.7","6.9","29000","1.21","0","","","",""
"930-3","930","3","37","104","Inseminada","3","1","13.5","6.8","29000","1.21","0","","","",""
"916-4","916","4","39","313","No gestante","#N/A","1","10.8","5.4","28000","1.16","0","","","",""
"920-6","920","6","38","24","Abierta","2","2","13.5","4","46000","1.88","0","","","",""
"7741-4","7741","4","67","190","Gestante","1","4","17.2","6.1","46000","1.88","0","","","",""
"1523-5","1523","5","65","9","Abierta","2","4","17.7","6.1","44000","1.82","0","","","",""
"930-9","930","9","38","146","Inseminada","3","1","8.6","6.5","47000","1.91","0","","","",""
"240-8","240","8","92","129","Inseminada","3","5","14","6.4","47000","1.91","0","","","",""
"2150-10","2150","10","46","51","Abierta","2","2","15.8","6","46000","1.88","0","","","",""
"977-10","977","10","30","142","Inseminada","3","1","13.6","6.1","43000","1.78","0","","","",""
"975-6","975","6","29","142","Inseminada","3","1","13.6","6.5","43000","1.78","0","","","",""
"880-10","880","10","49","51","Abierta","2","2","26.3","7.8","43000","1.78","0","","","",""
"882-7","882","7","48","175","Inseminada","3","2","14.6","6","44000","1.82","0","","","",""
"977-5","977","5","29","106","Inseminada","3","1","13.7","6.5","44000","1.82","0","","","",""
"839-5","839","5","59","55","Inseminada","3","3","13.8","5.7","43000","1.78","0","","","",""
"934-9","934","9","38","244","Gestante","1","1","10.1","6.1","47000","1.91","0","","","",""
"938-7","938","7","37","69","Abierta","2","1","20.5","6.9","52000","2.06","0","","","",""
"1495-1","1495","1","43","62","Abierta","2","2","19.6","6.5","51000","2.03","0","","","",""
"926-5","926","5","38","15","Abierta","2","2","15.2","5.6","51000","2.03","0","","","",""
"1495-2","1495","2","43","69","Abierta","2","2","18.6","6.3","52000","2.06","0","","","",""
"952-10","952","10","35","279","Gestante","1","1","9.4","6.2","52000","2.06","0","","","",""
"938-10","938","10","37","90","Abierta","2","1","21.2","6.9","52000","2.06","0","","","",""
"831-7","831","7","60","33","Abierta","2","3","16.3","6.6","50000","2","0","","","",""
"1652-10","1652","10","46","298","Gestante","1","1","11.1","5.7","49000","1.97","0","","","",""
"951-1","951","1","34","179","Inseminada","3","1","9.9","6","48000","1.94","0","","","",""
"957-7","957","7","34","243","Inseminada","3","1","15.6","6.7","51000","2.03","0","","","",""
"972-3","972","3","29","138","Inseminada","3","1","13","6.2","50000","2","0","","","",""
"975-10","975","10","30","171","Inseminada","3","1","11.7","6","50000","2","0","","","",""
"882-2","882","2","47","139","Inseminada","3","2","13","6.1","39000","1.64","0","","","",""
"835-11","835","11","61","78","Abierta","2","3","22.1","7.3","39000","1.64","0","","","",""
"880-11","880","11","50","58","Abierta","2","2","25.4","7.3","39000","1.64","0","","","",""
"934-5","934","5","37","216","Gestante","1","1","14","6.6","40000","1.68","0","","","",""
"1579-3","1579","3","87","267","Gestante","1","4","14.3","6.5","40000","1.68","0","","","",""
"749-1","749","1","83","36","Abierta","2","4","23.3","6.9","39000","1.64","0","","","",""
"686-1","686","1","107","189","Inseminada","3","6","12","7","37000","1.57","0","","","",""
"926-6","926","6","38","22","Abierta","2","2","15.8","9.9","37000","1.57","0","","","",""
"977-9","977","9","30","134","Inseminada","3","1","13.2","6.4","37000","1.57","0","","","",""
"938-8","938","8","37","75","Abierta","2","1","18.4","6.5","39000","1.64","0","","","",""
"935-10","935","10","38","68","Abierta","2","2","18.5","6.8","38000","1.6","0","","","",""
"951-2","951","2","34","186","Inseminada","3","1","10.5","6.2","38000","1.6","0","","","",""
"952-1","952","1","33","215","Gestante","1","1","11","6.3","40000","1.68","0","","","",""
"796-2","796","2","65","29","Abierta","2","4","18.4","6.7","42000","1.75","0","","","",""
"839-6","839","6","59","62","Inseminada","3","3","15.2","4.7","42000","1.75","0","","","",""
"975-3","975","3","29","121","Inseminada","3","1","13.6","5.1","41000","1.71","0","","","",""
"934-8","934","8","37","237","Gestante","1","1","13.8","6.3","43000","1.78","0","","","",""
"975-7","975","7","30","150","Inseminada","3","1","15.3","5.8","42000","1.75","0","","","",""
"957-2","957","2","33","207","Inseminada","3","1","12.2","5.5","42000","1.75","0","","","",""
"916-7","916","7","40","335","No gestante","#N/A","1","12.9","6.6","40000","1.68","0","","","",""
"903-11","903","11","45","77","Abierta","2","2","23.1","6.2","40000","1.68","0","","","",""
"934-11","934","11","38","259","Gestante","1","1","13.7","6.2","40000","1.68","0","","","",""
"24-10","24","10","19","83","Abierta","2","1","12.2","6","41000","1.71","0","","","",""
"1523-10","1523","10","67","45","Abierta","2","4","20.2","6.8","41000","1.71","0","","","",""
"931-11","931","11","38","26","Abierta","2","2","15.9","6.1","41000","1.71","0","","","",""
"914-2","914","2","39","100","Abierta","2","2","16.3","6.2","165000","3.72","0","","","",""
"882-9","882","9","48","188","Inseminada","3","2","11.5","6.6","163000","3.7","0","","","",""
"1946-7","1946","7","91","28","Abierta","2","5","9","7.5","163000","3.7","0","","","",""
"798-6","798","6","66","281","Gestante","1","4","8","6.5","166000","3.73","0","","","",""
"742-6","742","6","87","275","Gestante","1","5","14.9","6.4","166000","3.73","0","","","",""
"35-4","35","4","152","66","Inseminada","3","5","19.6","7.1","165000","3.72","0","","","",""
"869-3","869","3","50","144","Inseminada","3","2","15.7","7.3","159000","3.67","0","","","",""
"50-6","50","6","114","235","Gestante","1","5","14.9","7.5","159000","3.67","0","","","",""
"914-5","914","5","40","121","Gestante","1","2","15.6","6.4","159000","3.67","0","","","",""
"880-6","880","6","48","22","Abierta","2","2","15.9","7.1","161000","3.69","0","","","",""
"872-5","872","5","50","177","Inseminada","3","2","17","7.5","161000","3.69","0","","","",""
"50-10","50","10","115","264","Gestante","1","5","13.2","7.3","160000","3.68","0","","","",""
"914-4","914","4","40","114","Gestante","1","2","15.5","5.9","166000","3.73","0","","","",""
"977-8","977","8","29","127","Inseminada","3","1","13.3","5.9","170000","3.77","0","","","",""
"831-5","831","5","60","18","Abierta","2","3","16","6.2","171000","3.77","0","","","",""
"922-3","922","3","37","323","Gestante","1","1","10.7","6.4","170000","3.77","0","","","",""
"830-2","830","2","59","167","Gestante","1","3","14.2","6.2","173000","3.79","0","","","",""
"742-7","742","7","87","283","Gestante","1","5","14.2","7","172000","3.78","0","","","",""
"946-5","946","5","35","232","Gestante","1","1","11.9","6.8","171000","3.77","0","","","",""
"35-3","35","3","152","59","Inseminada","3","5","18.9","7","167000","3.74","0","","","",""
"197-1","197","1","58","39","Abierta","2","4","20","6.2","167000","3.74","0","","","",""
"219-1","219","1","91","96","Inseminada","3","4","20","7.2","166000","3.73","0","","","",""
"946-1","946","1","34","204","Gestante","1","1","12.2","6.2","171000","3.77","0","","","",""
"914-3","914","3","40","107","Abierta","2","2","15.5","5.9","168000","3.75","0","","","",""
"2230-9","2230","9","44","301","Gestante","1","2","14.7","5.6","168000","3.75","0","","","",""
"902-11","902","11","45","128","Gestante","1","2","14.7","6.7","150000","3.58","0","","","",""
"923-3","923","3","37","325","Gestante","1","1","10","5.3","149000","3.58","0","","","",""
"78-1","78","1","75","288","Gestante","1","4","14.6","6.1","150000","3.58","0","","","",""
"910-5","910","5","42","128","Abierta","2","2","14","6.1","152000","3.6","0","","","",""
"2230-7","2230","7","44","288","Gestante","1","2","16.1","6.5","151000","3.59","0","","","",""
"946-9","946","9","36","260","Gestante","1","1","12.8","6.4","150000","3.58","0","","","",""
"755-7","755","7","83","213","Gestante","1","5","15.5","7.1","146000","3.55","0","","","",""
"219-2","219","2","91","103","Inseminada","3","4","18.3","7.1","146000","3.55","0","","","",""
"931-9","931","9","38","11","Abierta","2","2","13.3","6","146000","3.55","0","","","",""
"922-10","922","10","39","373","Gestante","1","1","11.2","5.7","149000","3.58","0","","","",""
"900-11","900","11","46","57","Abierta","2","2","20","5.9","148000","3.57","0","","","",""
"7741-5","7741","5","67","197","Gestante","1","4","16.4","6","148000","3.57","0","","","",""
"1495-6","1495","6","44","97","Abierta","2","2","14.8","7.7","152000","3.6","0","","","",""
"35-11","35","11","154","116","Inseminada","3","5","17.5","7.3","156000","3.64","0","","","",""
"946-8","946","8","36","253","Gestante","1","1","12.6","6.3","156000","3.64","0","","","",""
"742-1","742","1","85","240","Gestante","1","5","15.5","6.5","155000","3.63","0","","","",""
"894-8","894","8","46","255","Gestante","1","2","14.7","6.9","158000","3.66","0","","","",""
"755-9","755","9","83","226","Gestante","1","5","16","7.3","157000","3.65","0","","","",""
"831-10","831","10","61","54","Abierta","2","3","16.1","6.3","156000","3.64","0","","","",""
"7741-10","7741","10","68","233","Gestante","1","4","15.2","6.2","153000","3.61","0","","","",""
"953-10","953","10","35","238","Gestante","1","1","12.1","5.2","153000","3.61","0","","","",""
"894-9","894","9","46","262","Gestante","1","2","15.2","6.7","152000","3.6","0","","","",""
"1107-7","1107","7","101","18","Abierta","2","7","12.1","6.5","155000","3.63","0","","","",""
"947-3","947","3","34","195","Gestante","1","1","12.2","5.2","154000","3.62","0","","","",""
"830-9","830","9","61","216","Gestante","1","3","12.1","6.2","154000","3.62","0","","","",""
"914-7","914","7","41","136","Gestante","1","2","8.2","4.7","188000","3.91","0","","","",""
"947-4","947","4","35","202","Gestante","1","1","10.5","5.9","187000","3.9","0","","","",""
"50-7","50","7","114","243","Gestante","1","5","11.3","6.4","186000","3.9","0","","","",""
"2230-2","2230","2","43","252","Gestante","1","2","15","6.5","191000","3.93","0","","","",""
"894-7","894","7","46","249","Gestante","1","2","17.4","5.7","188000","3.91","0","","","",""
"880-4","880","4","48","8","Abierta","2","2","18.9","7.1","188000","3.91","0","","","",""
"884-5","884","5","47","248","Gestante","1","2","14.2","6.3","184000","3.88","0","","","",""
"926-3","926","3","37","1","Abierta","2","2","9.5","6.3","183000","3.87","0","","","",""
"1111-11","1111","11","102","16","Abierta","2","6","18.9","6.7","183000","3.87","0","","","",""
"925-9","925","9","38","360","Gestante","1","1","5.7","5.9","187000","3.9","0","","","",""
"869-7","869","7","51","173","Inseminada","3","2","16.1","9.2","186000","3.9","0","","","",""
"746-6","746","6","85","15","Abierta","2","5","23.3","6.9","186000","3.9","0","","","",""
"830-7","830","7","60","203","Gestante","1","3","14.6","7.2","191000","3.93","0","","","",""
"784-7","784","7","71","184","Gestante","1","3","12.5","6.3","197000","3.98","0","","","",""
"882-11","882","11","49","203","Inseminada","3","2","11.3","6.2","197000","3.98","0","","","",""
"1546-7","1546","7","59","159","Gestante","1","3","12.6","6.7","196000","3.97","0","","","",""
"78-3","78","3","75","302","Gestante","1","4","14.5","6.1","198000","3.99","0","","","",""
"1107-6","1107","6","101","10","Abierta","2","7","10.2","6.7","199000","3.99","0","","","",""
"35-5","35","5","153","73","Inseminada","3","5","17.5","7.5","198000","3.99","0","","","",""
"877-11","877","11","50","180","No gestante","#N/A","2","14.2","7.4","190000","3.93","0","","","",""
"894-1","894","1","44","206","Gestante","1","2","15.6","6.4","190000","3.93","0","","","",""
"831-11","831","11","61","61","Abierta","2","3","15.5","6.6","190000","3.93","0","","","",""
"910-10","910","10","43","164","Abierta","2","2","10.9","7.1","196000","3.97","0","","","",""
"967-1","967","1","30","145","Gestante","1","1","12.1","5.8","193000","3.95","0","","","",""
"2218-11","2218","11","46","329","Gestante","1","2","12.8","6.5","192000","3.94","0","","","",""
"232-4","232","4","91","27","Abierta","2","5","12.3","6.5","177000","3.82","0","","","",""
"946-2","946","2","34","211","Gestante","1","1","14.2","6.2","177000","3.82","0","","","",""
"197-9","197","9","60","95","Inseminada","3","4","19.6","6.3","176000","3.82","0","","","",""
"2218-2","2218","2","44","265","Gestante","1","2","13.8","6.1","177000","3.82","0","","","",""
"902-1","902","1","42","57","Inseminada","3","2","14.4","6.8","176000","3.82","0","","","",""
"35-6","35","6","153","80","Inseminada","3","5","18.9","7.5","176000","3.82","0","","","",""
"946-7","946","7","36","247","Gestante","1","1","13","6.7","174000","3.8","0","","","",""
"884-6","884","6","47","255","Gestante","1","2","13.1","6.4","173000","3.79","0","","","",""
"50-9","50","9","115","256","Gestante","1","5","13.1","8","173000","3.79","0","","","",""
"58-3","58","3","144","124","Inseminada","3","8","17.8","6","175000","3.81","0","","","",""
"935-4","935","4","36","25","Abierta","2","2","17.7","6.6","175000","3.81","0","","","",""
"922-2","922","2","37","316","Gestante","1","1","9.9","4","175000","3.81","0","","","",""
"35-10","35","10","154","109","Inseminada","3","5","18.1","7.7","177000","3.82","0","","","",""
"951-5","951","5","35","207","Inseminada","3","1","10.1","6.1","180000","3.85","0","","","",""
"946-10","946","10","36","268","Gestante","1","1","12.6","6.9","180000","3.85","0","","","",""
"50-5","50","5","114","228","Gestante","1","5","14.6","7.2","180000","3.85","0","","","",""
"1056-3","1056","3","93","241","Inseminada","3","5","15.4","6.9","183000","3.87","0","","","",""
"742-3","742","3","86","254","Gestante","1","5","14.2","6.7","183000","3.87","0","","","",""
"910-11","910","11","43","171","Abierta","2","2","11.8","7.1","181000","3.86","0","","","",""
"241-7","241","7","80","331","Estéril","5","3","11.2","6.1","178000","3.83","0","","","",""
"798-9","798","9","67","302","Gestante","1","4","4.4","5.9","178000","3.83","0","","","",""
"884-8","884","8","48","269","Gestante","1","2","13.3","6.1","178000","3.83","0","","","",""
"219-5","219","5","91","124","Inseminada","3","4","20.6","8.3","179000","3.84","0","","","",""
"925-7","925","7","38","347","Gestante","1","1","13.1","6","178000","3.83","0","","","",""
"2230-5","2230","5","44","273","Gestante","1","2","13.8","6.2","178000","3.83","0","","","",""
"975-11","975","11","30","178","Inseminada","3","1","14.1","6.6","146000","3.55","0","","","",""
"1603-6","1603","6","87","390","No gestante","#N/A","4","9.5","6.1","109000","3.12","0","","","",""
"923-2","923","2","37","318","Gestante","1","1","9.9","5.7","109000","3.12","0","","","",""
"961-3","961","3","33","200","Gestante","1","1","11.7","6","108000","3.11","0","","","",""
"869-1","869","1","49","130","Inseminada","3","2","15.6","6.6","111000","3.15","0","","","",""
"925-4","925","4","37","325","Gestante","1","1","12.2","5.9","110000","3.14","0","","","",""
"935-7","935","7","37","47","Abierta","2","2","19.5","6.6","109000","3.12","0","","","",""
"925-3","925","3","37","318","Gestante","1","1","12.4","5.9","106000","3.08","0","","","",""
"952-4","952","4","34","236","Gestante","1","1","10","6","106000","3.08","0","","","",""
"835-6","835","6","59","42","Abierta","2","3","22","7.5","105000","3.07","0","","","",""
"938-11","938","11","38","97","Abierta","2","1","19.3","6.5","108000","3.11","0","","","",""
"839-9","839","9","60","83","Inseminada","3","3","17.7","5.1","107000","3.1","0","","","",""
"900-7","900","7","45","30","Abierta","2","2","18.8","5.7","107000","3.1","0","","","",""
"925-6","925","6","38","339","Gestante","1","1","13.3","5.9","112000","3.16","0","","","",""
"798-1","798","1","65","246","Gestante","1","4","12.2","6.8","115000","3.2","0","","","",""
"914-6","914","6","40","128","Gestante","1","2","16.6","6.3","114000","3.19","0","","","",""
"219-10","219","10","93","160","Inseminada","3","4","17.6","5.5","114000","3.19","0","","","",""
"1953-8","1953","8","86","106","No gestante","#N/A","5","16.8","5.9","116000","3.21","0","","","",""
"910-8","910","8","42","149","Abierta","2","2","12.5","6.5","115000","3.2","0","","","",""
"7741-8","7741","8","68","218","Gestante","1","4","15.3","5.6","115000","3.2","0","","","",""
"877-6","877","6","49","144","Inseminada","3","2","17.1","6.6","113000","3.18","0","","","",""
"946-3","946","3","35","218","Gestante","1","1","13.2","6.6","112000","3.16","0","","","",""
"930-2","930","2","36","97","Inseminada","3","1","10","6.4","112000","3.16","0","","","",""
"1495-4","1495","4","43","83","Abierta","2","2","17.7","6.7","114000","3.19","0","","","",""
"686-10","686","10","109","253","Inseminada","3","6","8","6.1","113000","3.18","0","","","",""
"1946-8","1946","8","91","34","Abierta","2","5","17.6","7","113000","3.18","0","","","",""
"839-10","839","10","60","91","Inseminada","3","3","15.8","6.5","98000","2.97","0","","","",""
"930-5","930","5","37","118","No gestante","#N/A","1","8.6","5.3","97000","2.96","0","","","",""
"947-1","947","1","34","181","Gestante","1","1","14.1","6.5","97000","2.96","0","","","",""
"1652-2","1652","2","44","241","Gestante","1","1","9.7","5.6","99000","2.99","0","","","",""
"902-8","902","8","44","106","Gestante","1","2","14.8","7.1","99000","2.99","0","","","",""
"972-9","972","9","30","180","Inseminada","3","1","12.5","4.2","99000","2.99","0","","","",""
"1652-3","1652","3","44","248","Gestante","1","1","10.4","5.7","96000","2.94","0","","","",""
"961-7","961","7","33","229","Gestante","1","1","11.8","4.9","96000","2.94","0","","","",""
"872-3","872","3","49","163","Inseminada","3","2","15","6.6","96000","2.94","0","","","",""
"920-11","920","11","40","60","Inseminada","3","2","15","5.7","97000","2.96","0","","","",""
"967-3","967","3","30","159","Gestante","1","1","12.9","5.6","96000","2.94","0","","","",""
"755-10","755","10","84","234","Gestante","1","5","12.9","7.2","96000","2.94","0","","","",""
"1107-11","1107","11","102","46","Abierta","2","7","18.3","6.6","100000","3","0","","","",""
"798-3","798","3","65","260","Gestante","1","4","11.6","6.8","103000","3.04","0","","","",""
"877-3","877","3","48","123","Inseminada","3","2","19","5.6","103000","3.04","0","","","",""
"798-4","798","4","65","267","Gestante","1","4","19.6","6.5","102000","3.03","0","","","",""
"1652-6","1652","6","45","269","Gestante","1","1","11.8","5.5","104000","3.06","0","","","",""
"2230-3","2230","3","43","259","Gestante","1","2","14.7","6.2","104000","3.06","0","","","",""
"900-5","900","5","45","15","Abierta","2","2","17.6","6.1","103000","3.04","0","","","",""
"947-6","947","6","35","216","Gestante","1","1","15.1","6.7","101000","3.01","0","","","",""
"1495-9","1495","9","44","118","Abierta","2","2","15","7","101000","3.01","0","","","",""
"755-1","755","1","82","170","Gestante","1","5","16.2","7.7","100000","3","0","","","",""
"920-10","920","10","39","53","Inseminada","3","2","15.2","4.4","102000","3.03","0","","","",""
"831-9","831","9","61","46","Abierta","2","3","16.4","6.9","102000","3.03","0","","","",""
"935-6","935","6","37","39","Abierta","2","2","19.2","6.6","102000","3.03","0","","","",""
"50-4","50","4","113","221","Gestante","1","5","15.7","5.9","134000","3.42","0","","","",""
"877-8","877","8","49","158","No gestante","#N/A","2","13.8","7.1","133000","3.41","0","","","",""
"946-4","946","4","35","225","Gestante","1","1","10.9","6.1","132000","3.4","0","","","",""
"755-2","755","2","82","177","Gestante","1","5","16.4","7.3","135000","3.43","0","","","",""
"951-11","951","11","36","250","Inseminada","3","1","10.4","6.1","135000","3.43","0","","","",""
"967-9","967","9","31","201","Gestante","1","1","12.3","6","135000","3.43","0","","","",""
"930-1","930","1","36","90","Inseminada","3","1","8.9","6.5","130000","3.38","0","","","",""
"755-4","755","4","82","191","Gestante","1","5","16.8","7.9","130000","3.38","0","","","",""
"946-11","946","11","36","275","Gestante","1","1","12","6.9","129000","3.37","0","","","",""
"830-6","830","6","60","195","Gestante","1","3","14.7","6.2","131000","3.39","0","","","",""
"910-7","910","7","42","143","Abierta","2","2","14.1","6.9","131000","3.39","0","","","",""
"835-3","835","3","59","21","Abierta","2","3","21.6","7.2","130000","3.38","0","","","",""
"58-2","58","2","144","117","Inseminada","3","8","16.6","7.5","136000","3.44","0","","","",""
"902-2","902","2","43","64","Inseminada","3","2","14.3","7.2","142000","3.51","0","","","",""
"925-2","925","2","37","311","Gestante","1","1","11.6","5.7","142000","3.51","0","","","",""
"903-9","903","9","44","63","Abierta","2","2","22.8","7.3","142000","3.51","0","","","",""
"232-11","232","11","93","77","Abierta","2","5","12.8","6.1","145000","3.54","0","","","",""
"1953-9","1953","9","87","113","No gestante","#N/A","5","17.3","6","144000","3.53","0","","","",""
"1546-3","1546","3","58","130","Gestante","1","3","14.5","6.5","143000","3.52","0","","","",""
"7741-9","7741","9","68","225","Gestante","1","4","15.8","6.2","139000","3.48","0","","","",""
"922-9","922","9","39","365","Gestante","1","1","11.6","5.8","139000","3.48","0","","","",""
"882-5","882","5","47","160","Inseminada","3","2","11.7","6.3","137000","3.45","0","","","",""
"1495-5","1495","5","43","90","Abierta","2","2","17.2","6.3","141000","3.5","0","","","",""
"219-4","219","4","91","117","Inseminada","3","4","18.2","7.3","141000","3.5","0","","","",""
"903-1","903","1","42","7","Abierta","2","2","18.8","6.7","140000","3.49","0","","","",""
"78-11","78","11","77","359","Gestante","1","4","14.2","6.4","120000","3.26","0","","","",""
"1652-9","1652","9","46","290","Gestante","1","1","11.4","5.9","120000","3.26","0","","","",""
"830-1","830","1","59","160","Gestante","1","3","15.3","6.3","119000","3.25","0","","","",""
"952-8","952","8","35","264","Gestante","1","1","9.6","6.2","121000","3.28","0","","","",""
"923-4","923","4","38","332","Gestante","1","1","9","5.3","121000","3.28","0","","","",""
"835-2","835","2","59","14","Abierta","2","3","16.5","6.2","121000","3.28","0","","","",""
"961-5","961","5","33","214","Gestante","1","1","10.9","6.1","116000","3.21","0","","","",""
"1603-2","1603","2","86","362","No gestante","#N/A","4","11.1","6.2","116000","3.21","0","","","",""
"78-10","78","10","77","352","Gestante","1","4","13.9","6.6","116000","3.21","0","","","",""
"1495-10","1495","10","45","126","Abierta","2","2","17.2","7","119000","3.25","0","","","",""
"219-9","219","9","92","152","Inseminada","3","4","18","6","117000","3.23","0","","","",""
"219-6","219","6","92","131","Inseminada","3","4","20.4","6.3","116000","3.21","0","","","",""
"961-1","961","1","32","186","Gestante","1","1","11","5.8","122000","3.29","0","","","",""
"914-8","914","8","41","142","Gestante","1","2","15.1","6","126000","3.33","0","","","",""
"1546-10","1546","10","60","180","Gestante","1","3","14.2","6.8","125000","3.32","0","","","",""
"967-11","967","11","32","216","Gestante","1","1","13.5","6.1","125000","3.32","0","","","",""
"35-9","35","9","154","101","Inseminada","3","5","17.9","7.5","129000","3.37","0","","","",""
"900-6","900","6","45","22","Abierta","2","2","19.4","6.9","129000","3.37","0","","","",""
"910-9","910","9","43","156","Abierta","2","2","13.2","7.5","127000","3.34","0","","","",""
"755-6","755","6","83","205","Gestante","1","5","16.1","7.1","123000","3.3","0","","","",""
"58-1","58","1","143","110","Inseminada","3","8","18.2","7.2","122000","3.29","0","","","",""
"957-11","957","11","35","271","Gestante","1","1","15.3","6","122000","3.29","0","","","",""
"877-9","877","9","50","165","No gestante","#N/A","2","13.8","7.5","124000","3.31","0","","","",""
"1946-9","1946","9","91","41","Abierta","2","5","23.1","5.4","124000","3.31","0","","","",""
"957-8","957","8","34","249","Gestante","1","1","12.6","5.9","123000","3.3","0","","","",""
"975-4","975","4","29","128","Inseminada","3","1","13.1","6.2","20000","0.68","0","","","",""
"796-6","796","6","66","57","Abierta","2","4","19.5","7","24000","0.94","0","","","",""
"1523-8","1523","8","66","30","Abierta","2","4","17.9","6.1","27000","1.11","0","","","",""
"839-7","839","7","59","70","Inseminada","3","3","15.1","6.1","29000","1.21","0","","","",""
"934-2","934","2","36","195","Gestante","1","1","13.1","6.1","31000","1.31","0","","","",""
"24-9","24","9","18","75","Abierta","2","1","10.8","5.2","32000","1.36","0","","","",""
"930-4","930","4","37","111","No gestante","#N/A","1","9","6.6","33000","1.4","0","","","",""
"934-1","934","1","36","188","Gestante","1","1","12.4","6.2","35000","1.49","0","","","",""
"926-9","926","9","39","43","Abierta","2","2","16.4","5.9","36000","1.53","0","","","",""
"796-8","796","8","67","71","Abierta","2","4","18.8","6.8","37000","1.57","0","","","",""
"930-6","930","6","37","125","Inseminada","3","1","8.3","6.2","38000","1.6","0","","","",""
"938-6","938","6","37","61","Abierta","2","1","20.3","5.6","39000","1.64","0","","","",""
"920-8","920","8","39","38","Abierta","2","2","15.2","5.5","40000","1.68","0","","","",""
"938-1","938","1","35","26","Abierta","2","1","20.5","6.3","41000","1.71","0","","","",""
"977-11","977","11","30","149","Inseminada","3","1","13","6.2","43000","1.78","0","","","",""
"877-1","877","1","48","109","Inseminada","3","2","20.3","6.6","44000","1.82","0","","","",""
"835-10","835","10","60","71","Abierta","2","3","21.5","7.2","46000","1.88","0","","","",""
"916-8","916","8","40","341","No gestante","#N/A","1","11.6","6.7","49000","1.97","0","","","",""
"972-1","972","1","28","124","Inseminada","3","1","11.5","6.1","51000","2.03","0","","","",""
"957-4","957","4","33","221","Inseminada","3","1","13.5","6","52000","2.06","0","","","",""
"1652-11","1652","11","46","305","Gestante","1","1","10","5.7","54000","2.11","0","","","",""
"839-8","839","8","60","76","Inseminada","3","3","19.8","5.9","56000","2.16","0","","","",""
"796-3","796","3","66","36","Abierta","2","4","17.1","6.7","59000","2.24","0","","","",""
"916-3","916","3","39","306","Inseminada","3","1","15.8","6.8","61000","2.29","0","","","",""
"975-5","975","5","29","135","Inseminada","3","1","12.8","6.4","62000","2.31","0","","","",""
"1652-4","1652","4","44","255","Gestante","1","1","9.8","5.9","66000","2.4","0","","","",""
"1546-5","1546","5","59","144","Gestante","1","3","13.9","6.7","69000","2.46","0","","","",""
"1652-5","1652","5","45","262","Gestante","1","1","9.9","5.9","72000","2.53","0","","","",""
"902-4","902","4","43","78","Inseminada","3","2","15.3","9.9","73000","2.55","0","","","",""
"951-8","951","8","35","228","Inseminada","3","1","10.5","6.5","74000","2.57","0","","","",""
"884-1","884","1","46","220","Gestante","1","2","13.4","6.7","78000","2.64","0","","","",""
"916-10","916","10","41","356","No gestante","#N/A","1","13.5","6.6","79000","2.66","0","","","",""
"920-9","920","9","39","45","Abierta","2","2","14.4","5.9","80000","2.68","0","","","",""
"916-6","916","6","40","327","No gestante","#N/A","1","12.6","6.6","83000","2.73","0","","","",""
"935-9","935","9","37","60","Abierta","2","2","19.9","6.7","85000","2.77","0","","","",""
"903-7","903","7","44","50","Abierta","2","2","24.4","6.9","87000","2.8","0","","","",""
"831-8","831","8","60","39","Abierta","2","3","16.3","6.1","88000","2.82","0","","","",""
"1579-4","1579","4","87","274","Gestante","1","4","13.8","6.2","90000","2.85","0","","","",""
"831-6","831","6","60","25","Abierta","2","3","15.4","6.5","92000","2.88","0","","","",""
"967-6","967","6","31","180","Gestante","1","1","13.1","5.7","95000","2.93","0","","","",""
"78-9","78","9","77","344","Gestante","1","4","13.4","6.2","96000","2.94","0","","","",""
"1495-7","1495","7","44","105","Abierta","2","2","17.8","6.7","98000","2.97","0","","","",""
"219-7","219","7","92","139","Inseminada","3","4","21.2","7.3","100000","3","0","","","",""
"910-2","910","2","41","107","Abierta","2","2","13.3","5.7","102000","3.03","0","","","",""
"686-7","686","7","108","232","Inseminada","3","6","11.5","7.3","104000","3.06","0","","","",""
"1953-4","1953","4","85","78","Inseminada","3","5","16.3","5.7","107000","3.1","0","","","",""
"1946-6","1946","6","91","20","Abierta","2","5","16.2","7.7","109000","3.12","0","","","",""
"686-6","686","6","108","224","Inseminada","3","6","11.6","6.4","112000","3.16","0","","","",""
"938-2","938","2","36","33","Abierta","2","1","21.7","5.4","114000","3.19","0","","","",""
"50-3","50","3","113","214","Inseminada","3","5","15.6","7.2","116000","3.21","0","","","",""
"882-10","882","10","48","196","Inseminada","3","2","13.9","6.5","116000","3.21","0","","","",""
"1495-8","1495","8","44","111","Abierta","2","2","16.4","6.4","121000","3.28","0","","","",""
"58-6","58","6","145","145","No gestante","#N/A","8","15.1","7.2","122000","3.29","0","","","",""
"972-8","972","8","30","173","Inseminada","3","1","11.7","6","125000","3.32","0","","","",""
"2230-8","2230","8","44","294","Gestante","1","2","13.2","6.4","129000","3.37","0","","","",""
"880-8","880","8","49","36","Abierta","2","2","26.1","6.2","130000","3.38","0","","","",""
"798-5","798","5","66","274","Gestante","1","4","8.4","6.2","135000","3.43","0","","","",""
"925-10","925","10","39","368","Gestante","1","1","11.5","5.9","137000","3.45","0","","","",""
"900-8","900","8","45","36","Abierta","2","2","20.3","6.8","142000","3.51","0","","","",""
"798-2","798","2","65","253","Gestante","1","4","9.7","7.3","145000","3.54","0","","","",""
"894-3","894","3","45","220","Gestante","1","2","16.1","6.7","147000","3.56","0","","","",""
"877-7","877","7","49","152","Inseminada","3","2","12.9","6","150000","3.58","0","","","",""
"935-5","935","5","37","32","Abierta","2","2","19.2","7.1","152000","3.6","0","","","",""
"78-7","78","7","76","331","Gestante","1","4","14.2","7.1","155000","3.63","0","","","",""
"914-10","914","10","41","157","Gestante","1","2","15.3","6.3","156000","3.64","0","","","",""
"910-6","910","6","42","135","Abierta","2","2","10.3","6.4","160000","3.68","0","","","",""
"2230-11","2230","11","45","316","Gestante","1","2","13.5","6.1","165000","3.72","0","","","",""
"755-3","755","3","82","184","Gestante","1","5","14.8","6.5","166000","3.73","0","","","",""
"894-11","894","11","47","277","Gestante","1","2","12.6","6.6","169000","3.76","0","","","",""
"946-6","946","6","35","239","Gestante","1","1","12.7","6.5","172000","3.78","0","","","",""
"951-9","951","9","36","235","Inseminada","3","1","8.9","5.4","175000","3.81","0","","","",""
"1056-1","1056","1","93","227","Inseminada","3","5","15.4","6.9","177000","3.82","0","","","",""
"2230-4","2230","4","43","266","Gestante","1","2","14.3","6.2","176000","3.82","0","","","",""
"742-5","742","5","86","268","Gestante","1","5","13.5","7.1","178000","3.83","0","","","",""
"830-10","830","10","61","224","Gestante","1","3","13.9","6.1","182000","3.86","0","","","",""
"872-10","872","10","51","213","Inseminada","3","2","9.5","6.8","185000","3.89","0","","","",""
"922-4","922","4","38","330","Gestante","1","1","9.4","5.6","187000","3.9","0","","","",""
"920-5","920","5","38","17","Abierta","2","2","14.4","6.4","190000","3.93","0","","","",""
"759-10","759","10","79","120","Inseminada","3","5","18.4","6.9","194000","3.96","0","","","",""
"1946-10","1946","10","92","49","Abierta","2","5","18.8","7","198000","3.99","0","","","",""
"835-9","835","9","60","63","Abierta","2","3","20.1","7.7","202000","4.01","1","","","",""
"1107-10","1107","10","102","39","Abierta","2","7","16.9","4.7","205000","4.04","1","","","",""
"922-8","922","8","38","358","Gestante","1","1","10.9","6.2","211000","4.08","1","","","",""
"830-3","830","3","59","174","Gestante","1","3","13.2","6.2","218000","4.12","1","","","",""
"951-4","951","4","34","200","Inseminada","3","1","9.4","4","225000","4.17","1","","","",""
"2218-8","2218","8","45","307","Gestante","1","2","13.2","4.8","229000","4.2","1","","","",""
"884-7","884","7","47","263","Gestante","1","2","12.2","6","231000","4.21","1","","","",""
"830-5","830","5","60","188","Gestante","1","3","13.8","6.4","235000","4.23","1","","","",""
"240-11","240","11","93","151","Inseminada","3","5","14.3","6.9","241000","4.27","1","","","",""
"1600-3","1600","3","86","182","Inseminada","3","5","15.8","7","249000","4.32","1","","","",""
"947-7","947","7","35","224","Gestante","1","1","15.7","6.5","257000","4.36","1","","","",""
"953-3","953","3","33","188","Inseminada","3","1","11.3","7.1","263000","4.4","1","","","",""
"2218-9","2218","9","45","314","Gestante","1","2","12.5","6.3","273000","4.45","1","","","",""
"972-4","972","4","29","145","Inseminada","3","1","10.3","6.2","277000","4.47","1","","","",""
"894-5","894","5","45","234","Gestante","1","2","14.7","5","284000","4.51","1","","","",""
"755-11","755","11","84","241","Gestante","1","5","17.2","7.5","288000","4.53","1","","","",""
"232-5","232","5","91","34","Abierta","2","5","12.8","6.2","292000","4.55","1","","","",""
"58-5","58","5","144","138","No gestante","#N/A","8","17.6","7.9","304000","4.6","1","","","",""
"58-4","58","4","144","131","No gestante","#N/A","8","18.6","7.2","309000","4.63","1","","","",""
"935-1","935","1","36","4","Abierta","2","2","13.6","6.6","314000","4.65","1","","","",""
"58-9","58","9","145","166","No gestante","#N/A","8","11.7","7.5","320000","4.68","1","","","",""
"212-2","212","2","91","17","Abierta","2","4","18","7.1","328000","4.71","1","","","",""
"888-9","888","9","47","307","Gestante","1","2","8.6","6.1","334000","4.74","1","","","",""
"742-10","742","10","88","304","Gestante","1","5","10","7","349000","4.8","1","","","",""
"197-6","197","6","59","74","Inseminada","3","4","19.9","6.5","357000","4.84","1","","","",""
"1931-11","1931","11","87","96","Abierta","2","6","15.7","5.5","364000","4.86","1","","","",""
"951-10","951","10","36","243","Inseminada","3","1","9.6","6.6","375000","4.91","1","","","",""
"922-5","922","5","38","337","Gestante","1","1","9.6","5.6","386000","4.95","1","","","",""
"872-9","872","9","50","205","Inseminada","3","2","16","7","390000","4.96","1","","","",""
"922-6","922","6","38","344","Gestante","1","1","9.7","5.4","396000","4.99","1","","","",""
"1955-8","1955","8","90","288","Inseminada","3","4","5.1","7.3","413000","5.05","1","","","",""
"872-6","872","6","50","184","Inseminada","3","2","15.2","6.5","419000","5.07","1","","","",""
"749-7","749","7","84","79","Abierta","2","4","24.8","7.1","426000","5.09","1","","","",""
"806-10","806","10","66","77","Abierta","2","3","17.4","6.1","443000","5.15","1","","","",""
"888-8","888","8","47","300","Gestante","1","2","10.2","6.1","460000","5.2","1","","","",""
"240-10","240","10","93","144","Inseminada","3","5","14.2","6.4","470000","5.23","1","","","",""
"1915-3","1915","3","85","253","Gestante","1","5","10.6","4","485000","5.28","1","","","",""
"240-5","240","5","92","108","Inseminada","3","5","12.9","6.7","499000","5.32","1","","","",""
"784-5","784","5","71","169","Gestante","1","3","12.3","6","510000","5.35","1","","","",""
"1955-11","1955","11","91","310","Inseminada","3","4","5.6","7.2","526000","5.4","1","","","",""
"653-1","653","1","118","238","Inseminada","3","6","11.8","7.5","561000","5.49","1","","","",""
"690-6","690","6","94","254","Gestante","1","5","11.8","6.7","581000","5.54","1","","","",""
"1867-3","1867","3","50","153","Inseminada","3","2","12.6","7.4","600000","5.58","1","","","",""
"1600-7","1600","7","87","211","Inseminada","3","5","12.4","8","610000","5.61","1","","","",""
"801-3","801","3","65","460","Gestante","1","2","3.6","5.9","632000","5.66","1","","","",""
"1939-3","1939","3","85","256","Gestante","1","5","8.8","9.2","647000","5.69","1","","","",""
"888-5","888","5","46","279","Gestante","1","2","10","6.9","655000","5.71","1","","","",""
"825-11","825","11","62","305","Gestante","1","3","12.2","7.1","672000","5.75","1","","","",""
"653-9","653","9","120","294","No gestante","#N/A","6","7.6","8.4","690000","5.79","1","","","",""
"882-8","882","8","48","181","Inseminada","3","2","11.9","6.7","712000","5.83","1","","","",""
"1241-10","1241","10","103","128","Abierta","2","7","16.8","6.5","742000","5.89","1","","","",""
"653-10","653","10","120","302","No gestante","#N/A","6","8.4","9.2","769000","5.94","1","","","",""
"801-2","801","2","65","453","Gestante","1","2","4.9","6.1","785000","5.97","1","","","",""
"1112-10","1112","10","102","335","Gestante","1","4","17","5.2","821000","6.04","1","","","",""
"1913-6","1913","6","91","334","Gestante","1","4","4.3","6.3","848000","6.08","1","","","",""
"653-11","653","11","121","309","No gestante","#N/A","6","8.7","8.1","883000","6.14","1","","","",""
"691-4","691","4","93","264","Gestante","1","5","6.4","6.1","904000","6.18","1","","","",""
"806-2","806","2","64","20","Abierta","2","3","14.7","6.6","926000","6.21","1","","","",""
"884-10","884","10","48","284","Gestante","1","2","16","7.2","943000","6.24","1","","","",""
"1913-3","1913","3","90","313","Gestante","1","4","6.7","7.4","960000","6.26","1","","","",""
"1867-5","1867","5","50","167","Inseminada","3","2","13.4","9","996000","6.32","1","","","",""
"52-7","52","7","107","272","Gestante","1","6","13.9","7.4","1070000","6.42","1","","","",""
"888-3","888","3","46","265","Gestante","1","2","10.4","6.5","1118000","6.48","1","","","",""
"1241-2","1241","2","101","71","Abierta","2","7","19.8","6.5","1160000","6.54","1","","","",""
"1915-6","1915","6","86","274","Gestante","1","5","10.3","4.8","1253000","6.65","1","","","",""
"691-7","691","7","94","286","Gestante","1","5","4.3","5","1306000","6.71","1","","","",""
"825-6","825","6","61","269","Gestante","1","3","14","4.9","1341000","6.75","1","","","",""
"784-10","784","10","72","205","Gestante","1","3","11.4","6.4","1412000","6.82","1","","","",""
"17-4","17","4","107","272","Gestante","1","5","6.4","6.9","1442000","6.85","1","","","",""
"904-8","904","8","44","31","Abierta","2","2","17","8.1","1535000","6.94","1","","","",""
"1241-3","1241","3","101","78","Abierta","2","7","17.9","6.3","1626000","7.02","1","","","",""
"68-3","68","3","81","294","Gestante","1","3","3","7","1733000","7.12","1","","","",""
"972-11","972","11","31","195","Inseminada","3","1","6.5","5.5","1789000","7.16","1","","","",""
"206-3","206","3","91","266","Gestante","1","4","4.1","7.2","1987000","7.31","1","","","",""
"872-7","872","7","50","192","Inseminada","3","2","16.1","6.6","2087000","7.38","1","","","",""
"902-9","902","9","44","113","Gestante","1","2","12.6","6.1","2269000","7.5","1","","","",""
"806-8","806","8","66","62","Abierta","2","3","16.6","7.4","2364000","7.56","1","","","",""
"904-11","904","11","44","53","Abierta","2","2","17.5","8.4","2443000","7.61","1","","","",""
"845-6","845","6","58","55","Abierta","2","3","13.7","6.7","2942000","7.88","1","","","",""
"822-1","822","1","60","93","Inseminada","3","3","19.3","7.7","3866000","8.27","1","","","",""
"888-2","888","2","46","258","Gestante","1","2","11.2","6.7","6296000","8.98","1","","","",""
